
[1m[46m RUN [49m[22m [36mv3.2.7 [39m[90m/home/ayan/ditto-execution/plan-007-recovery/apps/credential-tests[39m

[vpw:debug] Adding `enable_nodejs_tty_module` compatibility flag during tests as this feature is needed to support the Vitest runner.
[vpw:debug] Adding `enable_nodejs_fs_module` compatibility flag during tests as this feature is needed to support the Vitest runner.
[vpw:debug] Adding `enable_nodejs_http_modules` compatibility flag during tests as this feature is needed to support the Vitest runner.
[vpw:debug] Adding `enable_nodejs_perf_hooks_module` compatibility flag during tests as this feature is needed to support the Vitest runner.
[vpw:info] Starting isolated runtimes for ../../plans/evidence/artifacts/007/configuration-timing-followup/timing-product.config.ts...
[90mstdout[2m | ../../plans/evidence/artifacts/007/configuration-timing-followup/timing.worker.test.ts[2m > [22m[2mconfiguration correction: final product hold rechecks local current, encrypted=false
[22m[39m[007-product-timing] {"selection":true,"credentialMs":19,"policyMs":6}

[90mstdout[2m | ../../plans/evidence/artifacts/007/configuration-timing-followup/timing.worker.test.ts[2m > [22m[2mconfiguration correction: final product hold rechecks local current, encrypted=false
[22m[39m[007-product-timing] {"selection":true,"credentialMs":18,"policyMs":6}

[90mstdout[2m | ../../plans/evidence/artifacts/007/configuration-timing-followup/timing.worker.test.ts[2m > [22m[2mconfiguration correction: final product hold rechecks local current, encrypted=false
[22m[39m[007-product-timing] {"selection":true,"credentialMs":16,"policyMs":6}

[90mstdout[2m | ../../plans/evidence/artifacts/007/configuration-timing-followup/timing.worker.test.ts[2m > [22m[2mconfiguration correction: final product hold rechecks local current, encrypted=false
[22m[39m[007-product-timing] {"selection":false,"credentialMs":19,"policyMs":5}

[90mstdout[2m | ../../plans/evidence/artifacts/007/configuration-timing-followup/timing.worker.test.ts[2m > [22m[2mconfiguration correction: final product hold rechecks local current, encrypted=false
[22m[39m[007-product-timing] {"selection":false,"credentialMs":16,"policyMs":5}

[90mstdout[2m | ../../plans/evidence/artifacts/007/configuration-timing-followup/timing.worker.test.ts[2m > [22m[2mconfiguration correction: final product hold rechecks local current, encrypted=false
[22m[39m[007-product-timing] {"selection":false,"credentialMs":18,"policyMs":5}

[90mstdout[2m | ../../plans/evidence/artifacts/007/configuration-timing-followup/timing.worker.test.ts[2m > [22m[2mconfiguration correction: final product hold rechecks local current, encrypted=false
[22m[39m[007-product-timing] {"selection":true,"credentialMs":17,"policyMs":6}

[90mstdout[2m | ../../plans/evidence/artifacts/007/configuration-timing-followup/timing.worker.test.ts[2m > [22m[2mconfiguration correction: final product hold rechecks local current, encrypted=false
[22m[39m[007-product-timing] {"selection":true,"credentialMs":18,"policyMs":6}

[90mstdout[2m | ../../plans/evidence/artifacts/007/configuration-timing-followup/timing.worker.test.ts[2m > [22m[2mconfiguration correction: final product hold rechecks local current, encrypted=false
[22m[39m[007-product-timing] {"selection":true,"credentialMs":19,"policyMs":5}

[90mstdout[2m | ../../plans/evidence/artifacts/007/configuration-timing-followup/timing.worker.test.ts[2m > [22m[2mconfiguration correction: final product hold rechecks local current, encrypted=false
[22m[39m[007-product-timing] {"selection":true,"credentialMs":16,"policyMs":6}

[90mstdout[2m | ../../plans/evidence/artifacts/007/configuration-timing-followup/timing.worker.test.ts[2m > [22m[2mconfiguration correction: final product hold rechecks local current, encrypted=false
[22m[39m[007-product-timing] {"selection":true,"credentialMs":17,"policyMs":6}

[90mstdout[2m | ../../plans/evidence/artifacts/007/configuration-timing-followup/timing.worker.test.ts[2m > [22m[2mconfiguration correction: final product hold rechecks local current, encrypted=false
[22m[39m[007-product-timing] {"selection":true,"credentialMs":17,"policyMs":5}

[90mstdout[2m | ../../plans/evidence/artifacts/007/configuration-timing-followup/timing.worker.test.ts[2m > [22m[2mconfiguration correction: final product hold rechecks local current, encrypted=false
[22m[39m[007-correction-authority] {"change":"current","encrypted":false,"revoked":true,"status":"denied","piUnchanged":true,"snapshot":{"calls":0,"windows":[],"admissions":[],"claims":[],"runs":[]}}

[90mstdout[2m | ../../plans/evidence/artifacts/007/configuration-timing-followup/timing.worker.test.ts[2m > [22m[2mconfiguration correction: final product hold rechecks local current, encrypted=false
[22m[39m[007-timing] {"test":"configuration correction: final product hold rechecks local current, encrypted=false","totalMs":1184,"measured":{"fixture.setup":{"count":1,"ms":703,"max":703},"host.durable":{"count":6,"ms":18,"max":9},"local.productD1":{"count":21,"ms":116,"max":6},"local.authority":{"count":9,"ms":50,"max":6},"host.configurationLedger":{"count":6,"ms":0,"max":0},"product.configurationRPC":{"count":12,"ms":302,"max":28},"host.configurationAllowed":{"count":4,"ms":356,"max":95},"host.initializeOwnedConfiguration":{"count":1,"ms":106,"max":106},"host.open":{"count":1,"ms":133,"max":133},"host.configurationIdentity":{"count":3,"ms":0,"max":0},"host.seal":{"count":2,"ms":0,"max":0},"host.configurationEvidence":{"count":2,"ms":0,"max":0},"host.configureOwned":{"count":1,"ms":272,"max":272},"host.yield":{"count":1,"ms":16,"max":16}}}

[90mstdout[2m | ../../plans/evidence/artifacts/007/configuration-timing-followup/timing.worker.test.ts[2m > [22m[2mconfiguration correction: final product hold rechecks local executor, encrypted=false
[22m[39m[007-product-timing] {"selection":true,"credentialMs":17,"policyMs":6}

[90mstdout[2m | ../../plans/evidence/artifacts/007/configuration-timing-followup/timing.worker.test.ts[2m > [22m[2mconfiguration correction: final product hold rechecks local executor, encrypted=false
[22m[39m[007-product-timing] {"selection":true,"credentialMs":17,"policyMs":6}

[90mstdout[2m | ../../plans/evidence/artifacts/007/configuration-timing-followup/timing.worker.test.ts[2m > [22m[2mconfiguration correction: final product hold rechecks local executor, encrypted=false
[22m[39m[007-product-timing] {"selection":true,"credentialMs":17,"policyMs":5}

[90mstdout[2m | ../../plans/evidence/artifacts/007/configuration-timing-followup/timing.worker.test.ts[2m > [22m[2mconfiguration correction: final product hold rechecks local executor, encrypted=false
[22m[39m[007-product-timing] {"selection":false,"credentialMs":17,"policyMs":5}

[90mstdout[2m | ../../plans/evidence/artifacts/007/configuration-timing-followup/timing.worker.test.ts[2m > [22m[2mconfiguration correction: final product hold rechecks local executor, encrypted=false
[22m[39m[007-product-timing] {"selection":false,"credentialMs":18,"policyMs":5}

[90mstdout[2m | ../../plans/evidence/artifacts/007/configuration-timing-followup/timing.worker.test.ts[2m > [22m[2mconfiguration correction: final product hold rechecks local executor, encrypted=false
[22m[39m[007-product-timing] {"selection":false,"credentialMs":18,"policyMs":5}

[90mstdout[2m | ../../plans/evidence/artifacts/007/configuration-timing-followup/timing.worker.test.ts[2m > [22m[2mconfiguration correction: final product hold rechecks local executor, encrypted=false
[22m[39m[007-product-timing] {"selection":true,"credentialMs":18,"policyMs":5}

[90mstdout[2m | ../../plans/evidence/artifacts/007/configuration-timing-followup/timing.worker.test.ts[2m > [22m[2mconfiguration correction: final product hold rechecks local executor, encrypted=false
[22m[39m[007-product-timing] {"selection":true,"credentialMs":17,"policyMs":6}

[90mstdout[2m | ../../plans/evidence/artifacts/007/configuration-timing-followup/timing.worker.test.ts[2m > [22m[2mconfiguration correction: final product hold rechecks local executor, encrypted=false
[22m[39m[007-product-timing] {"selection":true,"credentialMs":16,"policyMs":6}

[90mstdout[2m | ../../plans/evidence/artifacts/007/configuration-timing-followup/timing.worker.test.ts[2m > [22m[2mconfiguration correction: final product hold rechecks local executor, encrypted=false
[22m[39m[007-product-timing] {"selection":true,"credentialMs":19,"policyMs":6}

[90mstdout[2m | ../../plans/evidence/artifacts/007/configuration-timing-followup/timing.worker.test.ts[2m > [22m[2mconfiguration correction: final product hold rechecks local executor, encrypted=false
[22m[39m[007-product-timing] {"selection":true,"credentialMs":17,"policyMs":5}

[90mstdout[2m | ../../plans/evidence/artifacts/007/configuration-timing-followup/timing.worker.test.ts[2m > [22m[2mconfiguration correction: final product hold rechecks local executor, encrypted=false
[22m[39m[007-product-timing] {"selection":true,"credentialMs":18,"policyMs":6}

[90mstdout[2m | ../../plans/evidence/artifacts/007/configuration-timing-followup/timing.worker.test.ts[2m > [22m[2mconfiguration correction: final product hold rechecks local executor, encrypted=false
[22m[39m[007-correction-authority] {"change":"executor","encrypted":false,"revoked":true,"status":"denied","piUnchanged":true,"snapshot":{"calls":0,"windows":[],"admissions":[],"claims":[],"runs":[]}}

[90mstdout[2m | ../../plans/evidence/artifacts/007/configuration-timing-followup/timing.worker.test.ts[2m > [22m[2mconfiguration correction: final product hold rechecks local executor, encrypted=false
[22m[39m[007-timing] {"test":"configuration correction: final product hold rechecks local executor, encrypted=false","totalMs":1149,"measured":{"fixture.setup":{"count":1,"ms":699,"max":699},"host.durable":{"count":6,"ms":19,"max":10},"local.productD1":{"count":21,"ms":120,"max":7},"local.authority":{"count":9,"ms":54,"max":7},"host.configurationLedger":{"count":6,"ms":0,"max":0},"product.configurationRPC":{"count":12,"ms":300,"max":26},"host.configurationAllowed":{"count":4,"ms":351,"max":91},"host.initializeOwnedConfiguration":{"count":1,"ms":94,"max":94},"host.open":{"count":1,"ms":118,"max":118},"host.configurationIdentity":{"count":3,"ms":0,"max":0},"host.seal":{"count":2,"ms":0,"max":0},"host.configurationEvidence":{"count":2,"ms":0,"max":0},"host.configureOwned":{"count":1,"ms":273,"max":273},"host.yield":{"count":1,"ms":5,"max":5}}}

[90mstdout[2m | ../../plans/evidence/artifacts/007/configuration-timing-followup/timing.worker.test.ts[2m > [22m[2mconfiguration correction: final product hold rechecks local generation, encrypted=false
[22m[39m[007-product-timing] {"selection":true,"credentialMs":17,"policyMs":6}

[90mstdout[2m | ../../plans/evidence/artifacts/007/configuration-timing-followup/timing.worker.test.ts[2m > [22m[2mconfiguration correction: final product hold rechecks local generation, encrypted=false
[22m[39m[007-product-timing] {"selection":true,"credentialMs":17,"policyMs":5}

[90mstdout[2m | ../../plans/evidence/artifacts/007/configuration-timing-followup/timing.worker.test.ts[2m > [22m[2mconfiguration correction: final product hold rechecks local generation, encrypted=false
[22m[39m[007-product-timing] {"selection":true,"credentialMs":26,"policyMs":7}

[90mstdout[2m | ../../plans/evidence/artifacts/007/configuration-timing-followup/timing.worker.test.ts[2m > [22m[2mconfiguration correction: final product hold rechecks local generation, encrypted=false
[22m[39m[007-product-timing] {"selection":false,"credentialMs":33,"policyMs":18}

[90mstdout[2m | ../../plans/evidence/artifacts/007/configuration-timing-followup/timing.worker.test.ts[2m > [22m[2mconfiguration correction: final product hold rechecks local generation, encrypted=false
[22m[39m[007-product-timing] {"selection":false,"credentialMs":41,"policyMs":10}

[90mstdout[2m | ../../plans/evidence/artifacts/007/configuration-timing-followup/timing.worker.test.ts[2m > [22m[2mconfiguration correction: final product hold rechecks local generation, encrypted=false
[22m[39m[007-product-timing] {"selection":false,"credentialMs":35,"policyMs":21}

[90mstdout[2m | ../../plans/evidence/artifacts/007/configuration-timing-followup/timing.worker.test.ts[2m > [22m[2mconfiguration correction: final product hold rechecks local generation, encrypted=false
[22m[39m[007-product-timing] {"selection":true,"credentialMs":27,"policyMs":21}

[90mstdout[2m | ../../plans/evidence/artifacts/007/configuration-timing-followup/timing.worker.test.ts[2m > [22m[2mconfiguration correction: final product hold rechecks local generation, encrypted=false
[22m[39m[007-product-timing] {"selection":true,"credentialMs":29,"policyMs":8}

[90mstdout[2m | ../../plans/evidence/artifacts/007/configuration-timing-followup/timing.worker.test.ts[2m > [22m[2mconfiguration correction: final product hold rechecks local generation, encrypted=false
[22m[39m[007-product-timing] {"selection":true,"credentialMs":22,"policyMs":7}

[90mstdout[2m | ../../plans/evidence/artifacts/007/configuration-timing-followup/timing.worker.test.ts[2m > [22m[2mconfiguration correction: final product hold rechecks local generation, encrypted=false
[22m[39m[007-product-timing] {"selection":true,"credentialMs":29,"policyMs":17}

[90mstdout[2m | ../../plans/evidence/artifacts/007/configuration-timing-followup/timing.worker.test.ts[2m > [22m[2mconfiguration correction: final product hold rechecks local generation, encrypted=false
[22m[39m[007-product-timing] {"selection":true,"credentialMs":40,"policyMs":7}

[90mstdout[2m | ../../plans/evidence/artifacts/007/configuration-timing-followup/timing.worker.test.ts[2m > [22m[2mconfiguration correction: final product hold rechecks local generation, encrypted=false
[22m[39m[007-product-timing] {"selection":true,"credentialMs":40,"policyMs":13}

[90mstdout[2m | ../../plans/evidence/artifacts/007/configuration-timing-followup/timing.worker.test.ts[2m > [22m[2mconfiguration correction: final product hold rechecks local generation, encrypted=false
[22m[39m[007-correction-authority] {"change":"generation","encrypted":false,"revoked":true,"status":"denied","piUnchanged":true,"snapshot":{"calls":0,"windows":[{"consumedRequests":1,"contractDenials":0,"closeReason":null,"openSlot":"open"}],"admissions":[{"effectId":"pi.generation/8/d3a2034ebfcd7363f7c1345eb83828c176ce66919bcd050dfc5348269219cfe2/attempt/1","purpose":"generation","state":"reserved","requestDigest":"48616251f62080b3cc13adc9f24f521ca2337810a7d8f68db7b6023778a5abf7"}],"claims":[{"claimed":0}],"runs":[{"state":"running","epoch":1}]}}

[90mstdout[2m | ../../plans/evidence/artifacts/007/configuration-timing-followup/timing.worker.test.ts[2m > [22m[2mconfiguration correction: final product hold rechecks local generation, encrypted=false
[22m[39m[007-timing] {"test":"configuration correction: final product hold rechecks local generation, encrypted=false","totalMs":1784,"measured":{"fixture.setup":{"count":1,"ms":723,"max":723},"host.durable":{"count":16,"ms":109,"max":30},"local.productD1":{"count":27,"ms":250,"max":21},"local.authority":{"count":15,"ms":112,"max":12},"host.configurationLedger":{"count":6,"ms":0,"max":0},"product.configurationRPC":{"count":12,"ms":581,"max":67},"host.configurationAllowed":{"count":4,"ms":651,"max":208},"host.initializeOwnedConfiguration":{"count":1,"ms":104,"max":104},"host.open":{"count":1,"ms":128,"max":128},"host.seal":{"count":7,"ms":0,"max":0},"host.configurationIdentity":{"count":3,"ms":0,"max":0},"host.configurationEvidence":{"count":2,"ms":0,"max":0},"host.configureOwned":{"count":1,"ms":567,"max":567},"host.yield":{"count":1,"ms":24,"max":24}}}

[90mstdout[2m | ../../plans/evidence/artifacts/007/configuration-timing-followup/timing.worker.test.ts[2m > [22m[2mconfiguration correction: close cancels final product callback, encrypted=false
[22m[39m[007-product-timing] {"selection":true,"credentialMs":37,"policyMs":7}

[90mstdout[2m | ../../plans/evidence/artifacts/007/configuration-timing-followup/timing.worker.test.ts[2m > [22m[2mconfiguration correction: close cancels final product callback, encrypted=false
[22m[39m[007-product-timing] {"selection":true,"credentialMs":23,"policyMs":8}

[90mstdout[2m | ../../plans/evidence/artifacts/007/configuration-timing-followup/timing.worker.test.ts[2m > [22m[2mconfiguration correction: close cancels final product callback, encrypted=false
[22m[39m[007-product-timing] {"selection":true,"credentialMs":51,"policyMs":10}

[90mstdout[2m | ../../plans/evidence/artifacts/007/configuration-timing-followup/timing.worker.test.ts[2m > [22m[2mconfiguration correction: close cancels final product callback, encrypted=false
[22m[39m[007-product-timing] {"selection":false,"credentialMs":28,"policyMs":15}

[90mstdout[2m | ../../plans/evidence/artifacts/007/configuration-timing-followup/timing.worker.test.ts[2m > [22m[2mconfiguration correction: close cancels final product callback, encrypted=false
[22m[39m[007-product-timing] {"selection":false,"credentialMs":30,"policyMs":11}

[90mstdout[2m | ../../plans/evidence/artifacts/007/configuration-timing-followup/timing.worker.test.ts[2m > [22m[2mconfiguration correction: close cancels final product callback, encrypted=false
[22m[39m[007-product-timing] {"selection":false,"credentialMs":22,"policyMs":6}

[90mstdout[2m | ../../plans/evidence/artifacts/007/configuration-timing-followup/timing.worker.test.ts[2m > [22m[2mconfiguration correction: close cancels final product callback, encrypted=false
[22m[39m[007-product-timing] {"selection":true,"credentialMs":22,"policyMs":6}

[90mstdout[2m | ../../plans/evidence/artifacts/007/configuration-timing-followup/timing.worker.test.ts[2m > [22m[2mconfiguration correction: close cancels final product callback, encrypted=false
[22m[39m[007-product-timing] {"selection":true,"credentialMs":18,"policyMs":5}

[90mstdout[2m | ../../plans/evidence/artifacts/007/configuration-timing-followup/timing.worker.test.ts[2m > [22m[2mconfiguration correction: close cancels final product callback, encrypted=false
[22m[39m[007-product-timing] {"selection":true,"credentialMs":17,"policyMs":5}

[90mstdout[2m | ../../plans/evidence/artifacts/007/configuration-timing-followup/timing.worker.test.ts[2m > [22m[2mconfiguration correction: close cancels final product callback, encrypted=false
[22m[39m[007-product-timing] {"selection":true,"credentialMs":18,"policyMs":5}

[90mstdout[2m | ../../plans/evidence/artifacts/007/configuration-timing-followup/timing.worker.test.ts[2m > [22m[2mconfiguration correction: close cancels final product callback, encrypted=false
[22m[39m[007-product-timing] {"selection":true,"credentialMs":19,"policyMs":6}

[90mstdout[2m | ../../plans/evidence/artifacts/007/configuration-timing-followup/timing.worker.test.ts[2m > [22m[2mconfiguration correction: close cancels final product callback, encrypted=false
[22m[39m[007-product-timing] {"selection":true,"credentialMs":19,"policyMs":5}

[90mstdout[2m | ../../plans/evidence/artifacts/007/configuration-timing-followup/timing.worker.test.ts[2m > [22m[2mconfiguration correction: close cancels final product callback, encrypted=false
[22m[39m[007-product-timing] {"selection":false,"credentialMs":46,"policyMs":6}

[90mstdout[2m | ../../plans/evidence/artifacts/007/configuration-timing-followup/timing.worker.test.ts[2m > [22m[2mconfiguration correction: close cancels final product callback, encrypted=false
[22m[39m[007-product-timing] {"selection":false,"credentialMs":35,"policyMs":11}

[90mstdout[2m | ../../plans/evidence/artifacts/007/configuration-timing-followup/timing.worker.test.ts[2m > [22m[2mconfiguration correction: close cancels final product callback, encrypted=false
[22m[39m[007-product-timing] {"selection":false,"credentialMs":23,"policyMs":7}

[90mstdout[2m | ../../plans/evidence/artifacts/007/configuration-timing-followup/timing.worker.test.ts[2m > [22m[2mconfiguration correction: close cancels final product callback, encrypted=false
[22m[39m[007-product-timing] {"selection":false,"credentialMs":18,"policyMs":5}

[90mstdout[2m | ../../plans/evidence/artifacts/007/configuration-timing-followup/timing.worker.test.ts[2m > [22m[2mconfiguration correction: close cancels final product callback, encrypted=false
[22m[39m[007-product-timing] {"selection":false,"credentialMs":24,"policyMs":16}

[90mstdout[2m | ../../plans/evidence/artifacts/007/configuration-timing-followup/timing.worker.test.ts[2m > [22m[2mconfiguration correction: close cancels final product callback, encrypted=false
[22m[39m[007-product-timing] {"selection":false,"credentialMs":31,"policyMs":11}

[90mstdout[2m | ../../plans/evidence/artifacts/007/configuration-timing-followup/timing.worker.test.ts[2m > [22m[2mconfiguration correction: close cancels final product callback, encrypted=false
[22m[39m[007-timing] {"test":"configuration correction: close cancels final product callback, encrypted=false","totalMs":2359,"measured":{"fixture.setup":{"count":1,"ms":1375,"max":1375},"host.durable":{"count":9,"ms":41,"max":27},"local.productD1":{"count":31,"ms":239,"max":16},"local.authority":{"count":13,"ms":97,"max":13},"host.configurationLedger":{"count":10,"ms":2,"max":1},"product.configurationRPC":{"count":18,"ms":775,"max":80},"host.configurationAllowed":{"count":6,"ms":813,"max":184},"host.initializeOwnedConfiguration":{"count":2,"ms":209,"max":198},"host.open":{"count":2,"ms":274,"max":248},"host.configurationIdentity":{"count":8,"ms":1,"max":1},"host.seal":{"count":2,"ms":0,"max":0},"host.configureOwned":{"count":2,"ms":503,"max":347},"host.yield":{"count":3,"ms":16,"max":9},"host.configurationEvidence":{"count":6,"ms":2,"max":1},"host.piConfiguration":{"count":2,"ms":1,"max":1}}}

[90mstdout[2m | ../../plans/evidence/artifacts/007/configuration-timing-followup/timing.worker.test.ts[2m > [22m[2mowned configuration commits scoped duplicate/conflict outcomes and lost acknowledgments, encrypted=false
[22m[39m[007-product-timing] {"selection":true,"credentialMs":21,"policyMs":6}

[90mstdout[2m | ../../plans/evidence/artifacts/007/configuration-timing-followup/timing.worker.test.ts[2m > [22m[2mowned configuration commits scoped duplicate/conflict outcomes and lost acknowledgments, encrypted=false
[22m[39m[007-product-timing] {"selection":true,"credentialMs":23,"policyMs":6}

[90mstdout[2m | ../../plans/evidence/artifacts/007/configuration-timing-followup/timing.worker.test.ts[2m > [22m[2mowned configuration commits scoped duplicate/conflict outcomes and lost acknowledgments, encrypted=false
[22m[39m[007-product-timing] {"selection":true,"credentialMs":22,"policyMs":5}

[90mstdout[2m | ../../plans/evidence/artifacts/007/configuration-timing-followup/timing.worker.test.ts[2m > [22m[2mowned configuration commits scoped duplicate/conflict outcomes and lost acknowledgments, encrypted=false
[22m[39m[007-product-timing] {"selection":false,"credentialMs":21,"policyMs":6}

[90mstdout[2m | ../../plans/evidence/artifacts/007/configuration-timing-followup/timing.worker.test.ts[2m > [22m[2mowned configuration commits scoped duplicate/conflict outcomes and lost acknowledgments, encrypted=false
[22m[39m[007-product-timing] {"selection":false,"credentialMs":27,"policyMs":9}

[90mstdout[2m | ../../plans/evidence/artifacts/007/configuration-timing-followup/timing.worker.test.ts[2m > [22m[2mowned configuration commits scoped duplicate/conflict outcomes and lost acknowledgments, encrypted=false
[22m[39m[007-product-timing] {"selection":false,"credentialMs":31,"policyMs":10}

[90mstdout[2m | ../../plans/evidence/artifacts/007/configuration-timing-followup/timing.worker.test.ts[2m > [22m[2mowned configuration commits scoped duplicate/conflict outcomes and lost acknowledgments, encrypted=false
[22m[39m[007-product-timing] {"selection":true,"credentialMs":31,"policyMs":9}

[90mstdout[2m | ../../plans/evidence/artifacts/007/configuration-timing-followup/timing.worker.test.ts[2m > [22m[2mowned configuration commits scoped duplicate/conflict outcomes and lost acknowledgments, encrypted=false
[22m[39m[007-product-timing] {"selection":true,"credentialMs":37,"policyMs":11}

[90mstdout[2m | ../../plans/evidence/artifacts/007/configuration-timing-followup/timing.worker.test.ts[2m > [22m[2mowned configuration commits scoped duplicate/conflict outcomes and lost acknowledgments, encrypted=false
[22m[39m[007-product-timing] {"selection":true,"credentialMs":26,"policyMs":10}

[90mstdout[2m | ../../plans/evidence/artifacts/007/configuration-timing-followup/timing.worker.test.ts[2m > [22m[2mowned configuration commits scoped duplicate/conflict outcomes and lost acknowledgments, encrypted=false
[22m[39m[007-product-timing] {"selection":true,"credentialMs":30,"policyMs":7}

[90mstdout[2m | ../../plans/evidence/artifacts/007/configuration-timing-followup/timing.worker.test.ts[2m > [22m[2mowned configuration commits scoped duplicate/conflict outcomes and lost acknowledgments, encrypted=false
[22m[39m[007-product-timing] {"selection":true,"credentialMs":28,"policyMs":8}

[90mstdout[2m | ../../plans/evidence/artifacts/007/configuration-timing-followup/timing.worker.test.ts[2m > [22m[2mowned configuration commits scoped duplicate/conflict outcomes and lost acknowledgments, encrypted=false
[22m[39m[007-product-timing] {"selection":true,"credentialMs":44,"policyMs":11}

[90mstdout[2m | ../../plans/evidence/artifacts/007/configuration-timing-followup/timing.worker.test.ts[2m > [22m[2mowned configuration commits scoped duplicate/conflict outcomes and lost acknowledgments, encrypted=false
[22m[39m[007-product-timing] {"selection":false,"credentialMs":27,"policyMs":8}

[90mstdout[2m | ../../plans/evidence/artifacts/007/configuration-timing-followup/timing.worker.test.ts[2m > [22m[2mowned configuration commits scoped duplicate/conflict outcomes and lost acknowledgments, encrypted=false
[22m[39m[007-product-timing] {"selection":false,"credentialMs":30,"policyMs":8}

[90mstdout[2m | ../../plans/evidence/artifacts/007/configuration-timing-followup/timing.worker.test.ts[2m > [22m[2mowned configuration commits scoped duplicate/conflict outcomes and lost acknowledgments, encrypted=false
[22m[39m[007-product-timing] {"selection":false,"credentialMs":38,"policyMs":6}

[90mstdout[2m | ../../plans/evidence/artifacts/007/configuration-timing-followup/timing.worker.test.ts[2m > [22m[2mowned configuration commits scoped duplicate/conflict outcomes and lost acknowledgments, encrypted=false
[22m[39m[007-product-timing] {"selection":false,"credentialMs":31,"policyMs":12}

[90mstdout[2m | ../../plans/evidence/artifacts/007/configuration-timing-followup/timing.worker.test.ts[2m > [22m[2mowned configuration commits scoped duplicate/conflict outcomes and lost acknowledgments, encrypted=false
[22m[39m[007-product-timing] {"selection":false,"credentialMs":40,"policyMs":9}

[90mstdout[2m | ../../plans/evidence/artifacts/007/configuration-timing-followup/timing.worker.test.ts[2m > [22m[2mowned configuration commits scoped duplicate/conflict outcomes and lost acknowledgments, encrypted=false
[22m[39m[007-product-timing] {"selection":false,"credentialMs":41,"policyMs":13}

[90mstdout[2m | ../../plans/evidence/artifacts/007/configuration-timing-followup/timing.worker.test.ts[2m > [22m[2mowned configuration commits scoped duplicate/conflict outcomes and lost acknowledgments, encrypted=false
[22m[39m[007-product-timing] {"selection":false,"credentialMs":31,"policyMs":13}

[90mstdout[2m | ../../plans/evidence/artifacts/007/configuration-timing-followup/timing.worker.test.ts[2m > [22m[2mowned configuration commits scoped duplicate/conflict outcomes and lost acknowledgments, encrypted=false
[22m[39m[007-product-timing] {"selection":false,"credentialMs":24,"policyMs":10}

[90mstdout[2m | ../../plans/evidence/artifacts/007/configuration-timing-followup/timing.worker.test.ts[2m > [22m[2mowned configuration commits scoped duplicate/conflict outcomes and lost acknowledgments, encrypted=false
[22m[39m[007-product-timing] {"selection":false,"credentialMs":28,"policyMs":12}

[90mstdout[2m | ../../plans/evidence/artifacts/007/configuration-timing-followup/timing.worker.test.ts[2m > [22m[2mowned configuration commits scoped duplicate/conflict outcomes and lost acknowledgments, encrypted=false
[22m[39m[007-product-timing] {"selection":true,"credentialMs":42,"policyMs":12}

[90mstdout[2m | ../../plans/evidence/artifacts/007/configuration-timing-followup/timing.worker.test.ts[2m > [22m[2mowned configuration commits scoped duplicate/conflict outcomes and lost acknowledgments, encrypted=false
[22m[39m[007-product-timing] {"selection":true,"credentialMs":47,"policyMs":9}

[90mstdout[2m | ../../plans/evidence/artifacts/007/configuration-timing-followup/timing.worker.test.ts[2m > [22m[2mowned configuration commits scoped duplicate/conflict outcomes and lost acknowledgments, encrypted=false
[22m[39m[007-product-timing] {"selection":true,"credentialMs":32,"policyMs":9}

[90mstdout[2m | ../../plans/evidence/artifacts/007/configuration-timing-followup/timing.worker.test.ts[2m > [22m[2mowned configuration commits scoped duplicate/conflict outcomes and lost acknowledgments, encrypted=false
[22m[39m[007-product-timing] {"selection":true,"credentialMs":42,"policyMs":7}

[90mstdout[2m | ../../plans/evidence/artifacts/007/configuration-timing-followup/timing.worker.test.ts[2m > [22m[2mowned configuration commits scoped duplicate/conflict outcomes and lost acknowledgments, encrypted=false
[22m[39m[007-product-timing] {"selection":true,"credentialMs":39,"policyMs":7}

[90mstdout[2m | ../../plans/evidence/artifacts/007/configuration-timing-followup/timing.worker.test.ts[2m > [22m[2mowned configuration commits scoped duplicate/conflict outcomes and lost acknowledgments, encrypted=false
[22m[39m[007-product-timing] {"selection":true,"credentialMs":29,"policyMs":11}

[90mstdout[2m | ../../plans/evidence/artifacts/007/configuration-timing-followup/timing.worker.test.ts[2m > [22m[2mowned configuration commits scoped duplicate/conflict outcomes and lost acknowledgments, encrypted=false
[22m[39m[007-product-timing] {"selection":false,"credentialMs":30,"policyMs":13}

[90mstdout[2m | ../../plans/evidence/artifacts/007/configuration-timing-followup/timing.worker.test.ts[2m > [22m[2mowned configuration commits scoped duplicate/conflict outcomes and lost acknowledgments, encrypted=false
[22m[39m[007-product-timing] {"selection":false,"credentialMs":29,"policyMs":7}

[90mstdout[2m | ../../plans/evidence/artifacts/007/configuration-timing-followup/timing.worker.test.ts[2m > [22m[2mowned configuration commits scoped duplicate/conflict outcomes and lost acknowledgments, encrypted=false
[22m[39m[007-product-timing] {"selection":false,"credentialMs":32,"policyMs":17}

[90mstdout[2m | ../../plans/evidence/artifacts/007/configuration-timing-followup/timing.worker.test.ts[2m > [22m[2mowned configuration commits scoped duplicate/conflict outcomes and lost acknowledgments, encrypted=false
[22m[39m[007-product-timing] {"selection":false,"credentialMs":29,"policyMs":10}

[90mstdout[2m | ../../plans/evidence/artifacts/007/configuration-timing-followup/timing.worker.test.ts[2m > [22m[2mowned configuration commits scoped duplicate/conflict outcomes and lost acknowledgments, encrypted=false
[22m[39m[007-product-timing] {"selection":false,"credentialMs":24,"policyMs":10}

[90mstdout[2m | ../../plans/evidence/artifacts/007/configuration-timing-followup/timing.worker.test.ts[2m > [22m[2mowned configuration commits scoped duplicate/conflict outcomes and lost acknowledgments, encrypted=false
[22m[39m[007-product-timing] {"selection":false,"credentialMs":27,"policyMs":11}

[90mstdout[2m | ../../plans/evidence/artifacts/007/configuration-timing-followup/timing.worker.test.ts[2m > [22m[2mowned configuration commits scoped duplicate/conflict outcomes and lost acknowledgments, encrypted=false
[22m[39m[007-product-timing] {"selection":false,"credentialMs":40,"policyMs":14}

[90mstdout[2m | ../../plans/evidence/artifacts/007/configuration-timing-followup/timing.worker.test.ts[2m > [22m[2mowned configuration commits scoped duplicate/conflict outcomes and lost acknowledgments, encrypted=false
[22m[39m[007-product-timing] {"selection":false,"credentialMs":37,"policyMs":7}

[90mstdout[2m | ../../plans/evidence/artifacts/007/configuration-timing-followup/timing.worker.test.ts[2m > [22m[2mowned configuration commits scoped duplicate/conflict outcomes and lost acknowledgments, encrypted=false
[22m[39m[007-product-timing] {"selection":false,"credentialMs":37,"policyMs":16}

[90mstdout[2m | ../../plans/evidence/artifacts/007/configuration-timing-followup/timing.worker.test.ts[2m > [22m[2mowned configuration commits scoped duplicate/conflict outcomes and lost acknowledgments, encrypted=false
[22m[39m[007-product-timing] {"selection":false,"credentialMs":31,"policyMs":9}

[90mstdout[2m | ../../plans/evidence/artifacts/007/configuration-timing-followup/timing.worker.test.ts[2m > [22m[2mowned configuration commits scoped duplicate/conflict outcomes and lost acknowledgments, encrypted=false
[22m[39m[007-product-timing] {"selection":false,"credentialMs":31,"policyMs":6}

[90mstdout[2m | ../../plans/evidence/artifacts/007/configuration-timing-followup/timing.worker.test.ts[2m > [22m[2mowned configuration commits scoped duplicate/conflict outcomes and lost acknowledgments, encrypted=false
[22m[39m[007-product-timing] {"selection":false,"credentialMs":34,"policyMs":7}

[90mstdout[2m | ../../plans/evidence/artifacts/007/configuration-timing-followup/timing.worker.test.ts[2m > [22m[2mowned configuration commits scoped duplicate/conflict outcomes and lost acknowledgments, encrypted=false
[22m[39m[007-timing] {"test":"owned configuration commits scoped duplicate/conflict outcomes and lost acknowledgments, encrypted=false","totalMs":3239,"measured":{"fixture.setup":{"count":1,"ms":769,"max":769},"host.durable":{"count":14,"ms":56,"max":12},"local.productD1":{"count":67,"ms":688,"max":20},"local.authority":{"count":28,"ms":317,"max":20},"host.configurationLedger":{"count":23,"ms":12,"max":4},"product.configurationRPC":{"count":39,"ms":1929,"max":71},"host.configurationAllowed":{"count":13,"ms":2244,"max":222},"host.initializeOwnedConfiguration":{"count":2,"ms":114,"max":113},"host.open":{"count":2,"ms":147,"max":137},"host.seal":{"count":5,"ms":0,"max":0},"host.configurationIdentity":{"count":36,"ms":2,"max":1},"host.configurationEvidence":{"count":30,"ms":9,"max":3},"pi.configure":{"count":2,"ms":17,"max":12},"host.piConfiguration":{"count":4,"ms":1,"max":1},"host.configureOwned":{"count":6,"ms":2375,"max":692},"host.yield":{"count":2,"ms":24,"max":16}}}

[90mstdout[2m | ../../plans/evidence/artifacts/007/configuration-timing-followup/timing.worker.test.ts[2m > [22m[2mconfiguration crash at configuration-intent never reapplies an older choice, encrypted=false
[22m[39m[007-product-timing] {"selection":true,"credentialMs":18,"policyMs":7}

[90mstdout[2m | ../../plans/evidence/artifacts/007/configuration-timing-followup/timing.worker.test.ts[2m > [22m[2mconfiguration crash at configuration-intent never reapplies an older choice, encrypted=false
[22m[39m[007-product-timing] {"selection":true,"credentialMs":22,"policyMs":6}

[90mstdout[2m | ../../plans/evidence/artifacts/007/configuration-timing-followup/timing.worker.test.ts[2m > [22m[2mconfiguration crash at configuration-intent never reapplies an older choice, encrypted=false
[22m[39m[007-product-timing] {"selection":true,"credentialMs":22,"policyMs":10}

[90mstdout[2m | ../../plans/evidence/artifacts/007/configuration-timing-followup/timing.worker.test.ts[2m > [22m[2mconfiguration crash at configuration-intent never reapplies an older choice, encrypted=false
[22m[39m[007-product-timing] {"selection":false,"credentialMs":18,"policyMs":9}

[90mstdout[2m | ../../plans/evidence/artifacts/007/configuration-timing-followup/timing.worker.test.ts[2m > [22m[2mconfiguration crash at configuration-intent never reapplies an older choice, encrypted=false
[22m[39m[007-product-timing] {"selection":false,"credentialMs":25,"policyMs":11}

[90mstdout[2m | ../../plans/evidence/artifacts/007/configuration-timing-followup/timing.worker.test.ts[2m > [22m[2mconfiguration crash at configuration-intent never reapplies an older choice, encrypted=false
[22m[39m[007-product-timing] {"selection":false,"credentialMs":19,"policyMs":6}

[90mstdout[2m | ../../plans/evidence/artifacts/007/configuration-timing-followup/timing.worker.test.ts[2m > [22m[2mconfiguration crash at configuration-intent never reapplies an older choice, encrypted=false
[22m[39m[007-product-timing] {"selection":true,"credentialMs":16,"policyMs":5}

[90mstdout[2m | ../../plans/evidence/artifacts/007/configuration-timing-followup/timing.worker.test.ts[2m > [22m[2mconfiguration crash at configuration-intent never reapplies an older choice, encrypted=false
[22m[39m[007-product-timing] {"selection":true,"credentialMs":18,"policyMs":6}

[90mstdout[2m | ../../plans/evidence/artifacts/007/configuration-timing-followup/timing.worker.test.ts[2m > [22m[2mconfiguration crash at configuration-intent never reapplies an older choice, encrypted=false
[22m[39m[007-product-timing] {"selection":true,"credentialMs":18,"policyMs":5}

[90mstdout[2m | ../../plans/evidence/artifacts/007/configuration-timing-followup/timing.worker.test.ts[2m > [22m[2mconfiguration crash at configuration-intent never reapplies an older choice, encrypted=false
[22m[39m[007-product-timing] {"selection":false,"credentialMs":17,"policyMs":6}

[90mstdout[2m | ../../plans/evidence/artifacts/007/configuration-timing-followup/timing.worker.test.ts[2m > [22m[2mconfiguration crash at configuration-intent never reapplies an older choice, encrypted=false
[22m[39m[007-product-timing] {"selection":false,"credentialMs":17,"policyMs":5}

[90mstdout[2m | ../../plans/evidence/artifacts/007/configuration-timing-followup/timing.worker.test.ts[2m > [22m[2mconfiguration crash at configuration-intent never reapplies an older choice, encrypted=false
[22m[39m[007-product-timing] {"selection":false,"credentialMs":19,"policyMs":6}

[90mstdout[2m | ../../plans/evidence/artifacts/007/configuration-timing-followup/timing.worker.test.ts[2m > [22m[2mconfiguration crash at configuration-intent never reapplies an older choice, encrypted=false
[22m[39m[007-product-timing] {"selection":false,"credentialMs":17,"policyMs":5}

[90mstdout[2m | ../../plans/evidence/artifacts/007/configuration-timing-followup/timing.worker.test.ts[2m > [22m[2mconfiguration crash at configuration-intent never reapplies an older choice, encrypted=false
[22m[39m[007-product-timing] {"selection":false,"credentialMs":17,"policyMs":5}

[90mstdout[2m | ../../plans/evidence/artifacts/007/configuration-timing-followup/timing.worker.test.ts[2m > [22m[2mconfiguration crash at configuration-intent never reapplies an older choice, encrypted=false
[22m[39m[007-product-timing] {"selection":false,"credentialMs":18,"policyMs":5}

[90mstdout[2m | ../../plans/evidence/artifacts/007/configuration-timing-followup/timing.worker.test.ts[2m > [22m[2mconfiguration crash at configuration-intent never reapplies an older choice, encrypted=false
[22m[39m[007-product-timing] {"selection":true,"credentialMs":17,"policyMs":4}

[90mstdout[2m | ../../plans/evidence/artifacts/007/configuration-timing-followup/timing.worker.test.ts[2m > [22m[2mconfiguration crash at configuration-intent never reapplies an older choice, encrypted=false
[22m[39m[007-product-timing] {"selection":true,"credentialMs":17,"policyMs":6}

[90mstdout[2m | ../../plans/evidence/artifacts/007/configuration-timing-followup/timing.worker.test.ts[2m > [22m[2mconfiguration crash at configuration-intent never reapplies an older choice, encrypted=false
[22m[39m[007-product-timing] {"selection":true,"credentialMs":16,"policyMs":5}

[90mstdout[2m | ../../plans/evidence/artifacts/007/configuration-timing-followup/timing.worker.test.ts[2m > [22m[2mconfiguration crash at configuration-intent never reapplies an older choice, encrypted=false
[22m[39m[007-product-timing] {"selection":true,"credentialMs":17,"policyMs":5}

[90mstdout[2m | ../../plans/evidence/artifacts/007/configuration-timing-followup/timing.worker.test.ts[2m > [22m[2mconfiguration crash at configuration-intent never reapplies an older choice, encrypted=false
[22m[39m[007-product-timing] {"selection":true,"credentialMs":17,"policyMs":6}

[90mstdout[2m | ../../plans/evidence/artifacts/007/configuration-timing-followup/timing.worker.test.ts[2m > [22m[2mconfiguration crash at configuration-intent never reapplies an older choice, encrypted=false
[22m[39m[007-product-timing] {"selection":true,"credentialMs":16,"policyMs":5}

[90mstdout[2m | ../../plans/evidence/artifacts/007/configuration-timing-followup/timing.worker.test.ts[2m > [22m[2mconfiguration crash at configuration-intent never reapplies an older choice, encrypted=false
[22m[39m[007-product-timing] {"selection":false,"credentialMs":16,"policyMs":5}

[90mstdout[2m | ../../plans/evidence/artifacts/007/configuration-timing-followup/timing.worker.test.ts[2m > [22m[2mconfiguration crash at configuration-intent never reapplies an older choice, encrypted=false
[22m[39m[007-product-timing] {"selection":false,"credentialMs":21,"policyMs":8}

[90mstdout[2m | ../../plans/evidence/artifacts/007/configuration-timing-followup/timing.worker.test.ts[2m > [22m[2mconfiguration crash at configuration-intent never reapplies an older choice, encrypted=false
[22m[39m[007-product-timing] {"selection":false,"credentialMs":18,"policyMs":5}

[90mstdout[2m | ../../plans/evidence/artifacts/007/configuration-timing-followup/timing.worker.test.ts[2m > [22m[2mconfiguration crash at configuration-intent never reapplies an older choice, encrypted=false
[22m[39m[007-product-timing] {"selection":false,"credentialMs":16,"policyMs":4}

[90mstdout[2m | ../../plans/evidence/artifacts/007/configuration-timing-followup/timing.worker.test.ts[2m > [22m[2mconfiguration crash at configuration-intent never reapplies an older choice, encrypted=false
[22m[39m[007-product-timing] {"selection":false,"credentialMs":19,"policyMs":5}

[90mstdout[2m | ../../plans/evidence/artifacts/007/configuration-timing-followup/timing.worker.test.ts[2m > [22m[2mconfiguration crash at configuration-intent never reapplies an older choice, encrypted=false
[22m[39m[007-product-timing] {"selection":false,"credentialMs":16,"policyMs":5}

[90mstdout[2m | ../../plans/evidence/artifacts/007/configuration-timing-followup/timing.worker.test.ts[2m > [22m[2mconfiguration crash at configuration-intent never reapplies an older choice, encrypted=false
[22m[39m[007-timing] {"test":"configuration crash at configuration-intent never reapplies an older choice, encrypted=false","totalMs":2001,"measured":{"fixture.setup":{"count":1,"ms":975,"max":975},"host.durable":{"count":13,"ms":35,"max":10},"local.productD1":{"count":47,"ms":270,"max":11},"local.authority":{"count":20,"ms":112,"max":7},"host.configurationLedger":{"count":16,"ms":4,"max":1},"product.configurationRPC":{"count":27,"ms":794,"max":43},"host.configurationAllowed":{"count":9,"ms":901,"max":116},"host.initializeOwnedConfiguration":{"count":2,"ms":126,"max":121},"host.open":{"count":2,"ms":156,"max":145},"host.seal":{"count":5,"ms":0,"max":0},"host.configurationIdentity":{"count":22,"ms":0,"max":0},"host.configureOwned":{"count":4,"ms":713,"max":296},"host.yield":{"count":2,"ms":11,"max":6},"host.configurationEvidence":{"count":18,"ms":2,"max":1},"host.piConfiguration":{"count":3,"ms":0,"max":0},"pi.configure":{"count":1,"ms":5,"max":5}}}

[90mstdout[2m | ../../plans/evidence/artifacts/007/configuration-timing-followup/timing.worker.test.ts[2m > [22m[2mconfiguration crash at configuration-applied never reapplies an older choice, encrypted=false
[22m[39m[007-product-timing] {"selection":true,"credentialMs":18,"policyMs":5}

[90mstdout[2m | ../../plans/evidence/artifacts/007/configuration-timing-followup/timing.worker.test.ts[2m > [22m[2mconfiguration crash at configuration-applied never reapplies an older choice, encrypted=false
[22m[39m[007-product-timing] {"selection":true,"credentialMs":16,"policyMs":6}

[90mstdout[2m | ../../plans/evidence/artifacts/007/configuration-timing-followup/timing.worker.test.ts[2m > [22m[2mconfiguration crash at configuration-applied never reapplies an older choice, encrypted=false
[22m[39m[007-product-timing] {"selection":true,"credentialMs":18,"policyMs":6}

[90mstdout[2m | ../../plans/evidence/artifacts/007/configuration-timing-followup/timing.worker.test.ts[2m > [22m[2mconfiguration crash at configuration-applied never reapplies an older choice, encrypted=false
[22m[39m[007-product-timing] {"selection":false,"credentialMs":16,"policyMs":6}

[90mstdout[2m | ../../plans/evidence/artifacts/007/configuration-timing-followup/timing.worker.test.ts[2m > [22m[2mconfiguration crash at configuration-applied never reapplies an older choice, encrypted=false
[22m[39m[007-product-timing] {"selection":false,"credentialMs":17,"policyMs":5}

[90mstdout[2m | ../../plans/evidence/artifacts/007/configuration-timing-followup/timing.worker.test.ts[2m > [22m[2mconfiguration crash at configuration-applied never reapplies an older choice, encrypted=false
[22m[39m[007-product-timing] {"selection":false,"credentialMs":18,"policyMs":5}

[90mstdout[2m | ../../plans/evidence/artifacts/007/configuration-timing-followup/timing.worker.test.ts[2m > [22m[2mconfiguration crash at configuration-applied never reapplies an older choice, encrypted=false
[22m[39m[007-product-timing] {"selection":true,"credentialMs":19,"policyMs":6}

[90mstdout[2m | ../../plans/evidence/artifacts/007/configuration-timing-followup/timing.worker.test.ts[2m > [22m[2mconfiguration crash at configuration-applied never reapplies an older choice, encrypted=false
[22m[39m[007-product-timing] {"selection":true,"credentialMs":19,"policyMs":5}

[90mstdout[2m | ../../plans/evidence/artifacts/007/configuration-timing-followup/timing.worker.test.ts[2m > [22m[2mconfiguration crash at configuration-applied never reapplies an older choice, encrypted=false
[22m[39m[007-product-timing] {"selection":true,"credentialMs":19,"policyMs":5}

[90mstdout[2m | ../../plans/evidence/artifacts/007/configuration-timing-followup/timing.worker.test.ts[2m > [22m[2mconfiguration crash at configuration-applied never reapplies an older choice, encrypted=false
[22m[39m[007-product-timing] {"selection":true,"credentialMs":16,"policyMs":5}

[90mstdout[2m | ../../plans/evidence/artifacts/007/configuration-timing-followup/timing.worker.test.ts[2m > [22m[2mconfiguration crash at configuration-applied never reapplies an older choice, encrypted=false
[22m[39m[007-product-timing] {"selection":true,"credentialMs":18,"policyMs":6}

[90mstdout[2m | ../../plans/evidence/artifacts/007/configuration-timing-followup/timing.worker.test.ts[2m > [22m[2mconfiguration crash at configuration-applied never reapplies an older choice, encrypted=false
[22m[39m[007-product-timing] {"selection":true,"credentialMs":19,"policyMs":6}

[90mstdout[2m | ../../plans/evidence/artifacts/007/configuration-timing-followup/timing.worker.test.ts[2m > [22m[2mconfiguration crash at configuration-applied never reapplies an older choice, encrypted=false
[22m[39m[007-product-timing] {"selection":false,"credentialMs":19,"policyMs":5}

[90mstdout[2m | ../../plans/evidence/artifacts/007/configuration-timing-followup/timing.worker.test.ts[2m > [22m[2mconfiguration crash at configuration-applied never reapplies an older choice, encrypted=false
[22m[39m[007-product-timing] {"selection":false,"credentialMs":16,"policyMs":6}

[90mstdout[2m | ../../plans/evidence/artifacts/007/configuration-timing-followup/timing.worker.test.ts[2m > [22m[2mconfiguration crash at configuration-applied never reapplies an older choice, encrypted=false
[22m[39m[007-product-timing] {"selection":false,"credentialMs":19,"policyMs":5}

[90mstdout[2m | ../../plans/evidence/artifacts/007/configuration-timing-followup/timing.worker.test.ts[2m > [22m[2mconfiguration crash at configuration-applied never reapplies an older choice, encrypted=false
[22m[39m[007-product-timing] {"selection":false,"credentialMs":17,"policyMs":5}

[90mstdout[2m | ../../plans/evidence/artifacts/007/configuration-timing-followup/timing.worker.test.ts[2m > [22m[2mconfiguration crash at configuration-applied never reapplies an older choice, encrypted=false
[22m[39m[007-product-timing] {"selection":false,"credentialMs":18,"policyMs":5}

[90mstdout[2m | ../../plans/evidence/artifacts/007/configuration-timing-followup/timing.worker.test.ts[2m > [22m[2mconfiguration crash at configuration-applied never reapplies an older choice, encrypted=false
[22m[39m[007-product-timing] {"selection":false,"credentialMs":17,"policyMs":6}

[90mstdout[2m | ../../plans/evidence/artifacts/007/configuration-timing-followup/timing.worker.test.ts[2m > [22m[2mconfiguration crash at configuration-applied never reapplies an older choice, encrypted=false
[22m[39m[007-product-timing] {"selection":true,"credentialMs":18,"policyMs":6}

[90mstdout[2m | ../../plans/evidence/artifacts/007/configuration-timing-followup/timing.worker.test.ts[2m > [22m[2mconfiguration crash at configuration-applied never reapplies an older choice, encrypted=false
[22m[39m[007-product-timing] {"selection":true,"credentialMs":16,"policyMs":5}

[90mstdout[2m | ../../plans/evidence/artifacts/007/configuration-timing-followup/timing.worker.test.ts[2m > [22m[2mconfiguration crash at configuration-applied never reapplies an older choice, encrypted=false
[22m[39m[007-product-timing] {"selection":true,"credentialMs":16,"policyMs":5}

[90mstdout[2m | ../../plans/evidence/artifacts/007/configuration-timing-followup/timing.worker.test.ts[2m > [22m[2mconfiguration crash at configuration-applied never reapplies an older choice, encrypted=false
[22m[39m[007-product-timing] {"selection":true,"credentialMs":19,"policyMs":5}

[90mstdout[2m | ../../plans/evidence/artifacts/007/configuration-timing-followup/timing.worker.test.ts[2m > [22m[2mconfiguration crash at configuration-applied never reapplies an older choice, encrypted=false
[22m[39m[007-product-timing] {"selection":true,"credentialMs":19,"policyMs":7}

[90mstdout[2m | ../../plans/evidence/artifacts/007/configuration-timing-followup/timing.worker.test.ts[2m > [22m[2mconfiguration crash at configuration-applied never reapplies an older choice, encrypted=false
[22m[39m[007-product-timing] {"selection":true,"credentialMs":20,"policyMs":6}

[90mstdout[2m | ../../plans/evidence/artifacts/007/configuration-timing-followup/timing.worker.test.ts[2m > [22m[2mconfiguration crash at configuration-applied never reapplies an older choice, encrypted=false
[22m[39m[007-product-timing] {"selection":false,"credentialMs":34,"policyMs":10}

[90mstdout[2m | ../../plans/evidence/artifacts/007/configuration-timing-followup/timing.worker.test.ts[2m > [22m[2mconfiguration crash at configuration-applied never reapplies an older choice, encrypted=false
[22m[39m[007-product-timing] {"selection":false,"credentialMs":18,"policyMs":6}

[90mstdout[2m | ../../plans/evidence/artifacts/007/configuration-timing-followup/timing.worker.test.ts[2m > [22m[2mconfiguration crash at configuration-applied never reapplies an older choice, encrypted=false
[22m[39m[007-product-timing] {"selection":false,"credentialMs":20,"policyMs":5}

[90mstdout[2m | ../../plans/evidence/artifacts/007/configuration-timing-followup/timing.worker.test.ts[2m > [22m[2mconfiguration crash at configuration-applied never reapplies an older choice, encrypted=false
[22m[39m[007-product-timing] {"selection":false,"credentialMs":17,"policyMs":6}

[90mstdout[2m | ../../plans/evidence/artifacts/007/configuration-timing-followup/timing.worker.test.ts[2m > [22m[2mconfiguration crash at configuration-applied never reapplies an older choice, encrypted=false
[22m[39m[007-product-timing] {"selection":false,"credentialMs":19,"policyMs":5}

[90mstdout[2m | ../../plans/evidence/artifacts/007/configuration-timing-followup/timing.worker.test.ts[2m > [22m[2mconfiguration crash at configuration-applied never reapplies an older choice, encrypted=false
[22m[39m[007-product-timing] {"selection":false,"credentialMs":16,"policyMs":6}

[90mstdout[2m | ../../plans/evidence/artifacts/007/configuration-timing-followup/timing.worker.test.ts[2m > [22m[2mconfiguration crash at configuration-applied never reapplies an older choice, encrypted=false
[22m[39m[007-timing] {"test":"configuration crash at configuration-applied never reapplies an older choice, encrypted=false","totalMs":1872,"measured":{"fixture.setup":{"count":1,"ms":689,"max":689},"host.durable":{"count":14,"ms":34,"max":10},"local.productD1":{"count":52,"ms":293,"max":10},"local.authority":{"count":22,"ms":123,"max":7},"host.configurationLedger":{"count":17,"ms":4,"max":1},"product.configurationRPC":{"count":30,"ms":941,"max":53},"host.configurationAllowed":{"count":10,"ms":1055,"max":129},"host.initializeOwnedConfiguration":{"count":2,"ms":114,"max":108},"host.open":{"count":2,"ms":144,"max":133},"host.seal":{"count":5,"ms":0,"max":0},"host.configurationIdentity":{"count":23,"ms":0,"max":0},"host.configurationEvidence":{"count":19,"ms":2,"max":1},"pi.configure":{"count":2,"ms":10,"max":5},"host.configureOwned":{"count":4,"ms":874,"max":328},"host.yield":{"count":2,"ms":11,"max":6},"host.piConfiguration":{"count":3,"ms":0,"max":0}}}

[90mstdout[2m | ../../plans/evidence/artifacts/007/configuration-timing-followup/timing.worker.test.ts[2m > [22m[2mconfiguration crash at configuration-outcome never reapplies an older choice, encrypted=false
[22m[39m[007-product-timing] {"selection":true,"credentialMs":18,"policyMs":6}

[90mstdout[2m | ../../plans/evidence/artifacts/007/configuration-timing-followup/timing.worker.test.ts[2m > [22m[2mconfiguration crash at configuration-outcome never reapplies an older choice, encrypted=false
[22m[39m[007-product-timing] {"selection":true,"credentialMs":19,"policyMs":5}

[90mstdout[2m | ../../plans/evidence/artifacts/007/configuration-timing-followup/timing.worker.test.ts[2m > [22m[2mconfiguration crash at configuration-outcome never reapplies an older choice, encrypted=false
[22m[39m[007-product-timing] {"selection":true,"credentialMs":18,"policyMs":6}

[90mstdout[2m | ../../plans/evidence/artifacts/007/configuration-timing-followup/timing.worker.test.ts[2m > [22m[2mconfiguration crash at configuration-outcome never reapplies an older choice, encrypted=false
[22m[39m[007-product-timing] {"selection":false,"credentialMs":17,"policyMs":6}

[90mstdout[2m | ../../plans/evidence/artifacts/007/configuration-timing-followup/timing.worker.test.ts[2m > [22m[2mconfiguration crash at configuration-outcome never reapplies an older choice, encrypted=false
[22m[39m[007-product-timing] {"selection":false,"credentialMs":19,"policyMs":6}

[90mstdout[2m | ../../plans/evidence/artifacts/007/configuration-timing-followup/timing.worker.test.ts[2m > [22m[2mconfiguration crash at configuration-outcome never reapplies an older choice, encrypted=false
[22m[39m[007-product-timing] {"selection":false,"credentialMs":20,"policyMs":6}

[90mstdout[2m | ../../plans/evidence/artifacts/007/configuration-timing-followup/timing.worker.test.ts[2m > [22m[2mconfiguration crash at configuration-outcome never reapplies an older choice, encrypted=false
[22m[39m[007-product-timing] {"selection":true,"credentialMs":22,"policyMs":8}

[90mstdout[2m | ../../plans/evidence/artifacts/007/configuration-timing-followup/timing.worker.test.ts[2m > [22m[2mconfiguration crash at configuration-outcome never reapplies an older choice, encrypted=false
[22m[39m[007-product-timing] {"selection":true,"credentialMs":22,"policyMs":6}

[90mstdout[2m | ../../plans/evidence/artifacts/007/configuration-timing-followup/timing.worker.test.ts[2m > [22m[2mconfiguration crash at configuration-outcome never reapplies an older choice, encrypted=false
[22m[39m[007-product-timing] {"selection":true,"credentialMs":21,"policyMs":6}

[90mstdout[2m | ../../plans/evidence/artifacts/007/configuration-timing-followup/timing.worker.test.ts[2m > [22m[2mconfiguration crash at configuration-outcome never reapplies an older choice, encrypted=false
[22m[39m[007-product-timing] {"selection":true,"credentialMs":17,"policyMs":6}

[90mstdout[2m | ../../plans/evidence/artifacts/007/configuration-timing-followup/timing.worker.test.ts[2m > [22m[2mconfiguration crash at configuration-outcome never reapplies an older choice, encrypted=false
[22m[39m[007-product-timing] {"selection":true,"credentialMs":18,"policyMs":5}

[90mstdout[2m | ../../plans/evidence/artifacts/007/configuration-timing-followup/timing.worker.test.ts[2m > [22m[2mconfiguration crash at configuration-outcome never reapplies an older choice, encrypted=false
[22m[39m[007-product-timing] {"selection":true,"credentialMs":18,"policyMs":5}

[90mstdout[2m | ../../plans/evidence/artifacts/007/configuration-timing-followup/timing.worker.test.ts[2m > [22m[2mconfiguration crash at configuration-outcome never reapplies an older choice, encrypted=false
[22m[39m[007-product-timing] {"selection":false,"credentialMs":19,"policyMs":5}

[90mstdout[2m | ../../plans/evidence/artifacts/007/configuration-timing-followup/timing.worker.test.ts[2m > [22m[2mconfiguration crash at configuration-outcome never reapplies an older choice, encrypted=false
[22m[39m[007-product-timing] {"selection":false,"credentialMs":18,"policyMs":6}

[90mstdout[2m | ../../plans/evidence/artifacts/007/configuration-timing-followup/timing.worker.test.ts[2m > [22m[2mconfiguration crash at configuration-outcome never reapplies an older choice, encrypted=false
[22m[39m[007-product-timing] {"selection":false,"credentialMs":17,"policyMs":5}

[90mstdout[2m | ../../plans/evidence/artifacts/007/configuration-timing-followup/timing.worker.test.ts[2m > [22m[2mconfiguration crash at configuration-outcome never reapplies an older choice, encrypted=false
[22m[39m[007-product-timing] {"selection":false,"credentialMs":19,"policyMs":5}

[90mstdout[2m | ../../plans/evidence/artifacts/007/configuration-timing-followup/timing.worker.test.ts[2m > [22m[2mconfiguration crash at configuration-outcome never reapplies an older choice, encrypted=false
[22m[39m[007-product-timing] {"selection":false,"credentialMs":17,"policyMs":5}

[90mstdout[2m | ../../plans/evidence/artifacts/007/configuration-timing-followup/timing.worker.test.ts[2m > [22m[2mconfiguration crash at configuration-outcome never reapplies an older choice, encrypted=false
[22m[39m[007-product-timing] {"selection":false,"credentialMs":19,"policyMs":5}

[90mstdout[2m | ../../plans/evidence/artifacts/007/configuration-timing-followup/timing.worker.test.ts[2m > [22m[2mconfiguration crash at configuration-outcome never reapplies an older choice, encrypted=false
[22m[39m[007-product-timing] {"selection":true,"credentialMs":17,"policyMs":6}

[90mstdout[2m | ../../plans/evidence/artifacts/007/configuration-timing-followup/timing.worker.test.ts[2m > [22m[2mconfiguration crash at configuration-outcome never reapplies an older choice, encrypted=false
[22m[39m[007-product-timing] {"selection":true,"credentialMs":18,"policyMs":5}

[90mstdout[2m | ../../plans/evidence/artifacts/007/configuration-timing-followup/timing.worker.test.ts[2m > [22m[2mconfiguration crash at configuration-outcome never reapplies an older choice, encrypted=false
[22m[39m[007-product-timing] {"selection":true,"credentialMs":20,"policyMs":6}

[90mstdout[2m | ../../plans/evidence/artifacts/007/configuration-timing-followup/timing.worker.test.ts[2m > [22m[2mconfiguration crash at configuration-outcome never reapplies an older choice, encrypted=false
[22m[39m[007-product-timing] {"selection":true,"credentialMs":20,"policyMs":5}

[90mstdout[2m | ../../plans/evidence/artifacts/007/configuration-timing-followup/timing.worker.test.ts[2m > [22m[2mconfiguration crash at configuration-outcome never reapplies an older choice, encrypted=false
[22m[39m[007-product-timing] {"selection":true,"credentialMs":20,"policyMs":6}

[90mstdout[2m | ../../plans/evidence/artifacts/007/configuration-timing-followup/timing.worker.test.ts[2m > [22m[2mconfiguration crash at configuration-outcome never reapplies an older choice, encrypted=false
[22m[39m[007-product-timing] {"selection":true,"credentialMs":18,"policyMs":6}

[90mstdout[2m | ../../plans/evidence/artifacts/007/configuration-timing-followup/timing.worker.test.ts[2m > [22m[2mconfiguration crash at configuration-outcome never reapplies an older choice, encrypted=false
[22m[39m[007-product-timing] {"selection":false,"credentialMs":19,"policyMs":5}

[90mstdout[2m | ../../plans/evidence/artifacts/007/configuration-timing-followup/timing.worker.test.ts[2m > [22m[2mconfiguration crash at configuration-outcome never reapplies an older choice, encrypted=false
[22m[39m[007-product-timing] {"selection":false,"credentialMs":20,"policyMs":5}

[90mstdout[2m | ../../plans/evidence/artifacts/007/configuration-timing-followup/timing.worker.test.ts[2m > [22m[2mconfiguration crash at configuration-outcome never reapplies an older choice, encrypted=false
[22m[39m[007-product-timing] {"selection":false,"credentialMs":20,"policyMs":5}

[90mstdout[2m | ../../plans/evidence/artifacts/007/configuration-timing-followup/timing.worker.test.ts[2m > [22m[2mconfiguration crash at configuration-outcome never reapplies an older choice, encrypted=false
[22m[39m[007-product-timing] {"selection":false,"credentialMs":18,"policyMs":6}

[90mstdout[2m | ../../plans/evidence/artifacts/007/configuration-timing-followup/timing.worker.test.ts[2m > [22m[2mconfiguration crash at configuration-outcome never reapplies an older choice, encrypted=false
[22m[39m[007-product-timing] {"selection":false,"credentialMs":19,"policyMs":6}

[90mstdout[2m | ../../plans/evidence/artifacts/007/configuration-timing-followup/timing.worker.test.ts[2m > [22m[2mconfiguration crash at configuration-outcome never reapplies an older choice, encrypted=false
[22m[39m[007-product-timing] {"selection":false,"credentialMs":18,"policyMs":5}

[90mstdout[2m | ../../plans/evidence/artifacts/007/configuration-timing-followup/timing.worker.test.ts[2m > [22m[2mconfiguration crash at configuration-outcome never reapplies an older choice, encrypted=false
[22m[39m[007-timing] {"test":"configuration crash at configuration-outcome never reapplies an older choice, encrypted=false","totalMs":2024,"measured":{"fixture.setup":{"count":1,"ms":719,"max":719},"host.durable":{"count":14,"ms":36,"max":11},"local.productD1":{"count":52,"ms":298,"max":10},"local.authority":{"count":22,"ms":134,"max":10},"host.configurationLedger":{"count":17,"ms":0,"max":0},"product.configurationRPC":{"count":30,"ms":1047,"max":40},"host.configurationAllowed":{"count":10,"ms":1174,"max":128},"host.initializeOwnedConfiguration":{"count":2,"ms":118,"max":118},"host.open":{"count":2,"ms":150,"max":144},"host.seal":{"count":5,"ms":0,"max":0},"host.configurationIdentity":{"count":23,"ms":0,"max":0},"host.configurationEvidence":{"count":19,"ms":1,"max":1},"pi.configure":{"count":2,"ms":10,"max":5},"host.piConfiguration":{"count":3,"ms":0,"max":0},"host.configureOwned":{"count":4,"ms":975,"max":377},"host.yield":{"count":2,"ms":12,"max":6}}}

[90mstdout[2m | ../../plans/evidence/artifacts/007/configuration-timing-followup/timing.worker.test.ts[2m > [22m[2mconfiguration correction: final product hold rechecks local current, encrypted=true
[22m[39m[007-product-timing] {"selection":true,"credentialMs":20,"policyMs":6}

[90mstdout[2m | ../../plans/evidence/artifacts/007/configuration-timing-followup/timing.worker.test.ts[2m > [22m[2mconfiguration correction: final product hold rechecks local current, encrypted=true
[22m[39m[007-product-timing] {"selection":true,"credentialMs":19,"policyMs":6}

[90mstdout[2m | ../../plans/evidence/artifacts/007/configuration-timing-followup/timing.worker.test.ts[2m > [22m[2mconfiguration correction: final product hold rechecks local current, encrypted=true
[22m[39m[007-product-timing] {"selection":true,"credentialMs":19,"policyMs":6}

[90mstdout[2m | ../../plans/evidence/artifacts/007/configuration-timing-followup/timing.worker.test.ts[2m > [22m[2mconfiguration correction: final product hold rechecks local current, encrypted=true
[22m[39m[007-product-timing] {"selection":false,"credentialMs":18,"policyMs":5}

[90mstdout[2m | ../../plans/evidence/artifacts/007/configuration-timing-followup/timing.worker.test.ts[2m > [22m[2mconfiguration correction: final product hold rechecks local current, encrypted=true
[22m[39m[007-product-timing] {"selection":false,"credentialMs":17,"policyMs":6}

[90mstdout[2m | ../../plans/evidence/artifacts/007/configuration-timing-followup/timing.worker.test.ts[2m > [22m[2mconfiguration correction: final product hold rechecks local current, encrypted=true
[22m[39m[007-product-timing] {"selection":false,"credentialMs":18,"policyMs":5}

[90mstdout[2m | ../../plans/evidence/artifacts/007/configuration-timing-followup/timing.worker.test.ts[2m > [22m[2mconfiguration correction: final product hold rechecks local current, encrypted=true
[22m[39m[007-product-timing] {"selection":true,"credentialMs":17,"policyMs":5}

[90mstdout[2m | ../../plans/evidence/artifacts/007/configuration-timing-followup/timing.worker.test.ts[2m > [22m[2mconfiguration correction: final product hold rechecks local current, encrypted=true
[22m[39m[007-product-timing] {"selection":true,"credentialMs":20,"policyMs":5}

[90mstdout[2m | ../../plans/evidence/artifacts/007/configuration-timing-followup/timing.worker.test.ts[2m > [22m[2mconfiguration correction: final product hold rechecks local current, encrypted=true
[22m[39m[007-product-timing] {"selection":true,"credentialMs":18,"policyMs":6}

[90mstdout[2m | ../../plans/evidence/artifacts/007/configuration-timing-followup/timing.worker.test.ts[2m > [22m[2mconfiguration correction: final product hold rechecks local current, encrypted=true
[22m[39m[007-product-timing] {"selection":true,"credentialMs":20,"policyMs":6}

[90mstdout[2m | ../../plans/evidence/artifacts/007/configuration-timing-followup/timing.worker.test.ts[2m > [22m[2mconfiguration correction: final product hold rechecks local current, encrypted=true
[22m[39m[007-product-timing] {"selection":true,"credentialMs":17,"policyMs":6}

[90mstdout[2m | ../../plans/evidence/artifacts/007/configuration-timing-followup/timing.worker.test.ts[2m > [22m[2mconfiguration correction: final product hold rechecks local current, encrypted=true
[22m[39m[007-product-timing] {"selection":true,"credentialMs":20,"policyMs":5}

[90mstdout[2m | ../../plans/evidence/artifacts/007/configuration-timing-followup/timing.worker.test.ts[2m > [22m[2mconfiguration correction: final product hold rechecks local current, encrypted=true
[22m[39m[007-correction-authority] {"change":"current","encrypted":true,"revoked":true,"status":"denied","piUnchanged":true,"snapshot":{"calls":0,"windows":[],"admissions":[],"claims":[],"runs":[]}}

[90mstdout[2m | ../../plans/evidence/artifacts/007/configuration-timing-followup/timing.worker.test.ts[2m > [22m[2mconfiguration correction: final product hold rechecks local current, encrypted=true
[22m[39m[007-timing] {"test":"configuration correction: final product hold rechecks local current, encrypted=true","totalMs":1302,"measured":{"fixture.setup":{"count":1,"ms":709,"max":709},"host.durable":{"count":6,"ms":26,"max":10},"local.productD1":{"count":21,"ms":118,"max":6},"local.authority":{"count":9,"ms":52,"max":6},"host.configurationLedger":{"count":6,"ms":0,"max":0},"product.configurationRPC":{"count":12,"ms":443,"max":44},"host.configurationAllowed":{"count":4,"ms":490,"max":129},"host.initializeOwnedConfiguration":{"count":1,"ms":139,"max":139},"host.open":{"count":1,"ms":161,"max":161},"host.configurationIdentity":{"count":3,"ms":0,"max":0},"host.seal":{"count":2,"ms":0,"max":0},"host.configurationEvidence":{"count":2,"ms":0,"max":0},"host.configureOwned":{"count":1,"ms":371,"max":371},"host.yield":{"count":1,"ms":6,"max":6}}}

[90mstdout[2m | ../../plans/evidence/artifacts/007/configuration-timing-followup/timing.worker.test.ts[2m > [22m[2mconfiguration correction: final product hold rechecks local executor, encrypted=true
[22m[39m[007-product-timing] {"selection":true,"credentialMs":19,"policyMs":5}

[90mstdout[2m | ../../plans/evidence/artifacts/007/configuration-timing-followup/timing.worker.test.ts[2m > [22m[2mconfiguration correction: final product hold rechecks local executor, encrypted=true
[22m[39m[007-product-timing] {"selection":true,"credentialMs":19,"policyMs":6}

[90mstdout[2m | ../../plans/evidence/artifacts/007/configuration-timing-followup/timing.worker.test.ts[2m > [22m[2mconfiguration correction: final product hold rechecks local executor, encrypted=true
[22m[39m[007-product-timing] {"selection":true,"credentialMs":17,"policyMs":4}

[90mstdout[2m | ../../plans/evidence/artifacts/007/configuration-timing-followup/timing.worker.test.ts[2m > [22m[2mconfiguration correction: final product hold rechecks local executor, encrypted=true
[22m[39m[007-product-timing] {"selection":false,"credentialMs":20,"policyMs":5}

[90mstdout[2m | ../../plans/evidence/artifacts/007/configuration-timing-followup/timing.worker.test.ts[2m > [22m[2mconfiguration correction: final product hold rechecks local executor, encrypted=true
[22m[39m[007-product-timing] {"selection":false,"credentialMs":17,"policyMs":6}

[90mstdout[2m | ../../plans/evidence/artifacts/007/configuration-timing-followup/timing.worker.test.ts[2m > [22m[2mconfiguration correction: final product hold rechecks local executor, encrypted=true
[22m[39m[007-product-timing] {"selection":false,"credentialMs":19,"policyMs":5}

[90mstdout[2m | ../../plans/evidence/artifacts/007/configuration-timing-followup/timing.worker.test.ts[2m > [22m[2mconfiguration correction: final product hold rechecks local executor, encrypted=true
[22m[39m[007-product-timing] {"selection":true,"credentialMs":19,"policyMs":6}

[90mstdout[2m | ../../plans/evidence/artifacts/007/configuration-timing-followup/timing.worker.test.ts[2m > [22m[2mconfiguration correction: final product hold rechecks local executor, encrypted=true
[22m[39m[007-product-timing] {"selection":true,"credentialMs":18,"policyMs":5}

[90mstdout[2m | ../../plans/evidence/artifacts/007/configuration-timing-followup/timing.worker.test.ts[2m > [22m[2mconfiguration correction: final product hold rechecks local executor, encrypted=true
[22m[39m[007-product-timing] {"selection":true,"credentialMs":19,"policyMs":6}

[90mstdout[2m | ../../plans/evidence/artifacts/007/configuration-timing-followup/timing.worker.test.ts[2m > [22m[2mconfiguration correction: final product hold rechecks local executor, encrypted=true
[22m[39m[007-product-timing] {"selection":true,"credentialMs":18,"policyMs":6}

[90mstdout[2m | ../../plans/evidence/artifacts/007/configuration-timing-followup/timing.worker.test.ts[2m > [22m[2mconfiguration correction: final product hold rechecks local executor, encrypted=true
[22m[39m[007-product-timing] {"selection":true,"credentialMs":20,"policyMs":6}

[90mstdout[2m | ../../plans/evidence/artifacts/007/configuration-timing-followup/timing.worker.test.ts[2m > [22m[2mconfiguration correction: final product hold rechecks local executor, encrypted=true
[22m[39m[007-product-timing] {"selection":true,"credentialMs":18,"policyMs":7}

[90mstdout[2m | ../../plans/evidence/artifacts/007/configuration-timing-followup/timing.worker.test.ts[2m > [22m[2mconfiguration correction: final product hold rechecks local executor, encrypted=true
[22m[39m[007-correction-authority] {"change":"executor","encrypted":true,"revoked":true,"status":"denied","piUnchanged":true,"snapshot":{"calls":0,"windows":[],"admissions":[],"claims":[],"runs":[]}}

[90mstdout[2m | ../../plans/evidence/artifacts/007/configuration-timing-followup/timing.worker.test.ts[2m > [22m[2mconfiguration correction: final product hold rechecks local executor, encrypted=true
[22m[39m[007-timing] {"test":"configuration correction: final product hold rechecks local executor, encrypted=true","totalMs":1310,"measured":{"fixture.setup":{"count":1,"ms":699,"max":699},"host.durable":{"count":6,"ms":25,"max":10},"local.productD1":{"count":21,"ms":120,"max":9},"local.authority":{"count":9,"ms":54,"max":9},"host.configurationLedger":{"count":6,"ms":1,"max":1},"product.configurationRPC":{"count":12,"ms":456,"max":43},"host.configurationAllowed":{"count":4,"ms":506,"max":133},"host.initializeOwnedConfiguration":{"count":1,"ms":134,"max":134},"host.open":{"count":1,"ms":152,"max":152},"host.configurationIdentity":{"count":3,"ms":0,"max":0},"host.seal":{"count":2,"ms":0,"max":0},"host.configurationEvidence":{"count":2,"ms":1,"max":1},"host.configureOwned":{"count":1,"ms":392,"max":392},"host.yield":{"count":1,"ms":6,"max":6}}}

[90mstdout[2m | ../../plans/evidence/artifacts/007/configuration-timing-followup/timing.worker.test.ts[2m > [22m[2mconfiguration correction: final product hold rechecks local generation, encrypted=true
[22m[39m[007-product-timing] {"selection":true,"credentialMs":17,"policyMs":6}

[90mstdout[2m | ../../plans/evidence/artifacts/007/configuration-timing-followup/timing.worker.test.ts[2m > [22m[2mconfiguration correction: final product hold rechecks local generation, encrypted=true
[22m[39m[007-product-timing] {"selection":true,"credentialMs":18,"policyMs":6}

[90mstdout[2m | ../../plans/evidence/artifacts/007/configuration-timing-followup/timing.worker.test.ts[2m > [22m[2mconfiguration correction: final product hold rechecks local generation, encrypted=true
[22m[39m[007-product-timing] {"selection":true,"credentialMs":18,"policyMs":6}

[90mstdout[2m | ../../plans/evidence/artifacts/007/configuration-timing-followup/timing.worker.test.ts[2m > [22m[2mconfiguration correction: final product hold rechecks local generation, encrypted=true
[22m[39m[007-product-timing] {"selection":false,"credentialMs":19,"policyMs":5}

[90mstdout[2m | ../../plans/evidence/artifacts/007/configuration-timing-followup/timing.worker.test.ts[2m > [22m[2mconfiguration correction: final product hold rechecks local generation, encrypted=true
[22m[39m[007-product-timing] {"selection":false,"credentialMs":19,"policyMs":5}

[90mstdout[2m | ../../plans/evidence/artifacts/007/configuration-timing-followup/timing.worker.test.ts[2m > [22m[2mconfiguration correction: final product hold rechecks local generation, encrypted=true
[22m[39m[007-product-timing] {"selection":false,"credentialMs":18,"policyMs":6}

[90mstdout[2m | ../../plans/evidence/artifacts/007/configuration-timing-followup/timing.worker.test.ts[2m > [22m[2mconfiguration correction: final product hold rechecks local generation, encrypted=true
[22m[39m[007-product-timing] {"selection":true,"credentialMs":17,"policyMs":6}

[90mstdout[2m | ../../plans/evidence/artifacts/007/configuration-timing-followup/timing.worker.test.ts[2m > [22m[2mconfiguration correction: final product hold rechecks local generation, encrypted=true
[22m[39m[007-product-timing] {"selection":true,"credentialMs":20,"policyMs":5}

[90mstdout[2m | ../../plans/evidence/artifacts/007/configuration-timing-followup/timing.worker.test.ts[2m > [22m[2mconfiguration correction: final product hold rechecks local generation, encrypted=true
[22m[39m[007-product-timing] {"selection":true,"credentialMs":18,"policyMs":6}

[90mstdout[2m | ../../plans/evidence/artifacts/007/configuration-timing-followup/timing.worker.test.ts[2m > [22m[2mconfiguration correction: final product hold rechecks local generation, encrypted=true
[22m[39m[007-product-timing] {"selection":true,"credentialMs":18,"policyMs":5}

[90mstdout[2m | ../../plans/evidence/artifacts/007/configuration-timing-followup/timing.worker.test.ts[2m > [22m[2mconfiguration correction: final product hold rechecks local generation, encrypted=true
[22m[39m[007-product-timing] {"selection":true,"credentialMs":20,"policyMs":6}

[90mstdout[2m | ../../plans/evidence/artifacts/007/configuration-timing-followup/timing.worker.test.ts[2m > [22m[2mconfiguration correction: final product hold rechecks local generation, encrypted=true
[22m[39m[007-product-timing] {"selection":true,"credentialMs":19,"policyMs":6}

[90mstdout[2m | ../../plans/evidence/artifacts/007/configuration-timing-followup/timing.worker.test.ts[2m > [22m[2mconfiguration correction: final product hold rechecks local generation, encrypted=true
[22m[39m[007-correction-authority] {"change":"generation","encrypted":true,"revoked":true,"status":"denied","piUnchanged":true,"snapshot":{"calls":0,"windows":[{"consumedRequests":1,"contractDenials":0,"closeReason":null,"openSlot":"open"}],"admissions":[{"effectId":"pi.generation/8/d3a2034ebfcd7363f7c1345eb83828c176ce66919bcd050dfc5348269219cfe2/attempt/1","purpose":"generation","state":"reserved","requestDigest":"48616251f62080b3cc13adc9f24f521ca2337810a7d8f68db7b6023778a5abf7"}],"claims":[{"claimed":0}],"runs":[{"state":"running","epoch":1}]}}

[90mstdout[2m | ../../plans/evidence/artifacts/007/configuration-timing-followup/timing.worker.test.ts[2m > [22m[2mconfiguration correction: final product hold rechecks local generation, encrypted=true
[22m[39m[007-timing] {"test":"configuration correction: final product hold rechecks local generation, encrypted=true","totalMs":1523,"measured":{"fixture.setup":{"count":1,"ms":690,"max":690},"host.durable":{"count":16,"ms":96,"max":15},"local.productD1":{"count":27,"ms":153,"max":7},"local.authority":{"count":15,"ms":86,"max":7},"host.configurationLedger":{"count":6,"ms":0,"max":0},"product.configurationRPC":{"count":12,"ms":472,"max":42},"host.configurationAllowed":{"count":4,"ms":521,"max":133},"host.initializeOwnedConfiguration":{"count":1,"ms":138,"max":138},"host.open":{"count":1,"ms":158,"max":158},"host.seal":{"count":7,"ms":0,"max":0},"host.configurationIdentity":{"count":3,"ms":0,"max":0},"host.configurationEvidence":{"count":2,"ms":0,"max":0},"host.configureOwned":{"count":1,"ms":403,"max":403},"host.yield":{"count":1,"ms":15,"max":15}}}

[90mstdout[2m | ../../plans/evidence/artifacts/007/configuration-timing-followup/timing.worker.test.ts[2m > [22m[2mconfiguration correction: close cancels final product callback, encrypted=true
[22m[39m[007-product-timing] {"selection":true,"credentialMs":18,"policyMs":5}

[90mstdout[2m | ../../plans/evidence/artifacts/007/configuration-timing-followup/timing.worker.test.ts[2m > [22m[2mconfiguration correction: close cancels final product callback, encrypted=true
[22m[39m[007-product-timing] {"selection":true,"credentialMs":18,"policyMs":5}

[90mstdout[2m | ../../plans/evidence/artifacts/007/configuration-timing-followup/timing.worker.test.ts[2m > [22m[2mconfiguration correction: close cancels final product callback, encrypted=true
[22m[39m[007-product-timing] {"selection":true,"credentialMs":17,"policyMs":6}

[90mstdout[2m | ../../plans/evidence/artifacts/007/configuration-timing-followup/timing.worker.test.ts[2m > [22m[2mconfiguration correction: close cancels final product callback, encrypted=true
[22m[39m[007-product-timing] {"selection":false,"credentialMs":17,"policyMs":6}

[90mstdout[2m | ../../plans/evidence/artifacts/007/configuration-timing-followup/timing.worker.test.ts[2m > [22m[2mconfiguration correction: close cancels final product callback, encrypted=true
[22m[39m[007-product-timing] {"selection":false,"credentialMs":21,"policyMs":6}

[90mstdout[2m | ../../plans/evidence/artifacts/007/configuration-timing-followup/timing.worker.test.ts[2m > [22m[2mconfiguration correction: close cancels final product callback, encrypted=true
[22m[39m[007-product-timing] {"selection":false,"credentialMs":18,"policyMs":6}

[90mstdout[2m | ../../plans/evidence/artifacts/007/configuration-timing-followup/timing.worker.test.ts[2m > [22m[2mconfiguration correction: close cancels final product callback, encrypted=true
[22m[39m[007-product-timing] {"selection":true,"credentialMs":18,"policyMs":5}

[90mstdout[2m | ../../plans/evidence/artifacts/007/configuration-timing-followup/timing.worker.test.ts[2m > [22m[2mconfiguration correction: close cancels final product callback, encrypted=true
[22m[39m[007-product-timing] {"selection":true,"credentialMs":17,"policyMs":6}

[90mstdout[2m | ../../plans/evidence/artifacts/007/configuration-timing-followup/timing.worker.test.ts[2m > [22m[2mconfiguration correction: close cancels final product callback, encrypted=true
[22m[39m[007-product-timing] {"selection":true,"credentialMs":17,"policyMs":5}

[90mstdout[2m | ../../plans/evidence/artifacts/007/configuration-timing-followup/timing.worker.test.ts[2m > [22m[2mconfiguration correction: close cancels final product callback, encrypted=true
[22m[39m[007-product-timing] {"selection":true,"credentialMs":19,"policyMs":5}

[90mstdout[2m | ../../plans/evidence/artifacts/007/configuration-timing-followup/timing.worker.test.ts[2m > [22m[2mconfiguration correction: close cancels final product callback, encrypted=true
[22m[39m[007-product-timing] {"selection":true,"credentialMs":17,"policyMs":5}

[90mstdout[2m | ../../plans/evidence/artifacts/007/configuration-timing-followup/timing.worker.test.ts[2m > [22m[2mconfiguration correction: close cancels final product callback, encrypted=true
[22m[39m[007-product-timing] {"selection":true,"credentialMs":16,"policyMs":5}

[90mstdout[2m | ../../plans/evidence/artifacts/007/configuration-timing-followup/timing.worker.test.ts[2m > [22m[2mconfiguration correction: close cancels final product callback, encrypted=true
[22m[39m[007-product-timing] {"selection":false,"credentialMs":19,"policyMs":5}

[90mstdout[2m | ../../plans/evidence/artifacts/007/configuration-timing-followup/timing.worker.test.ts[2m > [22m[2mconfiguration correction: close cancels final product callback, encrypted=true
[22m[39m[007-product-timing] {"selection":false,"credentialMs":16,"policyMs":6}

[90mstdout[2m | ../../plans/evidence/artifacts/007/configuration-timing-followup/timing.worker.test.ts[2m > [22m[2mconfiguration correction: close cancels final product callback, encrypted=true
[22m[39m[007-product-timing] {"selection":false,"credentialMs":19,"policyMs":5}

[90mstdout[2m | ../../plans/evidence/artifacts/007/configuration-timing-followup/timing.worker.test.ts[2m > [22m[2mconfiguration correction: close cancels final product callback, encrypted=true
[22m[39m[007-product-timing] {"selection":false,"credentialMs":23,"policyMs":5}

[90mstdout[2m | ../../plans/evidence/artifacts/007/configuration-timing-followup/timing.worker.test.ts[2m > [22m[2mconfiguration correction: close cancels final product callback, encrypted=true
[22m[39m[007-product-timing] {"selection":false,"credentialMs":17,"policyMs":6}

[90mstdout[2m | ../../plans/evidence/artifacts/007/configuration-timing-followup/timing.worker.test.ts[2m > [22m[2mconfiguration correction: close cancels final product callback, encrypted=true
[22m[39m[007-product-timing] {"selection":false,"credentialMs":18,"policyMs":6}

[90mstdout[2m | ../../plans/evidence/artifacts/007/configuration-timing-followup/timing.worker.test.ts[2m > [22m[2mconfiguration correction: close cancels final product callback, encrypted=true
[22m[39m[007-timing] {"test":"configuration correction: close cancels final product callback, encrypted=true","totalMs":1634,"measured":{"fixture.setup":{"count":1,"ms":700,"max":700},"host.durable":{"count":9,"ms":24,"max":10},"local.productD1":{"count":31,"ms":170,"max":8},"local.authority":{"count":13,"ms":73,"max":8},"host.configurationLedger":{"count":10,"ms":2,"max":1},"product.configurationRPC":{"count":18,"ms":799,"max":77},"host.configurationAllowed":{"count":6,"ms":829,"max":171},"host.initializeOwnedConfiguration":{"count":2,"ms":147,"max":141},"host.open":{"count":2,"ms":176,"max":162},"host.configurationIdentity":{"count":8,"ms":0,"max":0},"host.seal":{"count":2,"ms":0,"max":0},"host.configureOwned":{"count":2,"ms":530,"max":395},"host.yield":{"count":3,"ms":11,"max":6},"host.configurationEvidence":{"count":6,"ms":3,"max":1},"host.piConfiguration":{"count":2,"ms":1,"max":1}}}

[90mstdout[2m | ../../plans/evidence/artifacts/007/configuration-timing-followup/timing.worker.test.ts[2m > [22m[2mowned configuration commits scoped duplicate/conflict outcomes and lost acknowledgments, encrypted=true
[22m[39m[007-product-timing] {"selection":true,"credentialMs":17,"policyMs":5}

[90mstdout[2m | ../../plans/evidence/artifacts/007/configuration-timing-followup/timing.worker.test.ts[2m > [22m[2mowned configuration commits scoped duplicate/conflict outcomes and lost acknowledgments, encrypted=true
[22m[39m[007-product-timing] {"selection":true,"credentialMs":17,"policyMs":5}

[90mstdout[2m | ../../plans/evidence/artifacts/007/configuration-timing-followup/timing.worker.test.ts[2m > [22m[2mowned configuration commits scoped duplicate/conflict outcomes and lost acknowledgments, encrypted=true
[22m[39m[007-product-timing] {"selection":true,"credentialMs":16,"policyMs":5}

[90mstdout[2m | ../../plans/evidence/artifacts/007/configuration-timing-followup/timing.worker.test.ts[2m > [22m[2mowned configuration commits scoped duplicate/conflict outcomes and lost acknowledgments, encrypted=true
[22m[39m[007-product-timing] {"selection":false,"credentialMs":19,"policyMs":5}

[90mstdout[2m | ../../plans/evidence/artifacts/007/configuration-timing-followup/timing.worker.test.ts[2m > [22m[2mowned configuration commits scoped duplicate/conflict outcomes and lost acknowledgments, encrypted=true
[22m[39m[007-product-timing] {"selection":false,"credentialMs":19,"policyMs":6}

[90mstdout[2m | ../../plans/evidence/artifacts/007/configuration-timing-followup/timing.worker.test.ts[2m > [22m[2mowned configuration commits scoped duplicate/conflict outcomes and lost acknowledgments, encrypted=true
[22m[39m[007-product-timing] {"selection":false,"credentialMs":18,"policyMs":6}

[90mstdout[2m | ../../plans/evidence/artifacts/007/configuration-timing-followup/timing.worker.test.ts[2m > [22m[2mowned configuration commits scoped duplicate/conflict outcomes and lost acknowledgments, encrypted=true
[22m[39m[007-product-timing] {"selection":true,"credentialMs":17,"policyMs":5}

[90mstdout[2m | ../../plans/evidence/artifacts/007/configuration-timing-followup/timing.worker.test.ts[2m > [22m[2mowned configuration commits scoped duplicate/conflict outcomes and lost acknowledgments, encrypted=true
[22m[39m[007-product-timing] {"selection":true,"credentialMs":20,"policyMs":6}

[90mstdout[2m | ../../plans/evidence/artifacts/007/configuration-timing-followup/timing.worker.test.ts[2m > [22m[2mowned configuration commits scoped duplicate/conflict outcomes and lost acknowledgments, encrypted=true
[22m[39m[007-product-timing] {"selection":true,"credentialMs":18,"policyMs":5}

[90mstdout[2m | ../../plans/evidence/artifacts/007/configuration-timing-followup/timing.worker.test.ts[2m > [22m[2mowned configuration commits scoped duplicate/conflict outcomes and lost acknowledgments, encrypted=true
[22m[39m[007-product-timing] {"selection":true,"credentialMs":18,"policyMs":5}

[90mstdout[2m | ../../plans/evidence/artifacts/007/configuration-timing-followup/timing.worker.test.ts[2m > [22m[2mowned configuration commits scoped duplicate/conflict outcomes and lost acknowledgments, encrypted=true
[22m[39m[007-product-timing] {"selection":true,"credentialMs":21,"policyMs":6}

[90mstdout[2m | ../../plans/evidence/artifacts/007/configuration-timing-followup/timing.worker.test.ts[2m > [22m[2mowned configuration commits scoped duplicate/conflict outcomes and lost acknowledgments, encrypted=true
[22m[39m[007-product-timing] {"selection":true,"credentialMs":19,"policyMs":6}

[90mstdout[2m | ../../plans/evidence/artifacts/007/configuration-timing-followup/timing.worker.test.ts[2m > [22m[2mowned configuration commits scoped duplicate/conflict outcomes and lost acknowledgments, encrypted=true
[22m[39m[007-product-timing] {"selection":false,"credentialMs":22,"policyMs":5}

[90mstdout[2m | ../../plans/evidence/artifacts/007/configuration-timing-followup/timing.worker.test.ts[2m > [22m[2mowned configuration commits scoped duplicate/conflict outcomes and lost acknowledgments, encrypted=true
[22m[39m[007-product-timing] {"selection":false,"credentialMs":20,"policyMs":8}

[90mstdout[2m | ../../plans/evidence/artifacts/007/configuration-timing-followup/timing.worker.test.ts[2m > [22m[2mowned configuration commits scoped duplicate/conflict outcomes and lost acknowledgments, encrypted=true
[22m[39m[007-product-timing] {"selection":false,"credentialMs":18,"policyMs":5}

[90mstdout[2m | ../../plans/evidence/artifacts/007/configuration-timing-followup/timing.worker.test.ts[2m > [22m[2mowned configuration commits scoped duplicate/conflict outcomes and lost acknowledgments, encrypted=true
[22m[39m[007-product-timing] {"selection":false,"credentialMs":19,"policyMs":5}

[90mstdout[2m | ../../plans/evidence/artifacts/007/configuration-timing-followup/timing.worker.test.ts[2m > [22m[2mowned configuration commits scoped duplicate/conflict outcomes and lost acknowledgments, encrypted=true
[22m[39m[007-product-timing] {"selection":false,"credentialMs":20,"policyMs":6}

[90mstdout[2m | ../../plans/evidence/artifacts/007/configuration-timing-followup/timing.worker.test.ts[2m > [22m[2mowned configuration commits scoped duplicate/conflict outcomes and lost acknowledgments, encrypted=true
[22m[39m[007-product-timing] {"selection":false,"credentialMs":20,"policyMs":5}

[90mstdout[2m | ../../plans/evidence/artifacts/007/configuration-timing-followup/timing.worker.test.ts[2m > [22m[2mowned configuration commits scoped duplicate/conflict outcomes and lost acknowledgments, encrypted=true
[22m[39m[007-product-timing] {"selection":false,"credentialMs":18,"policyMs":6}

[90mstdout[2m | ../../plans/evidence/artifacts/007/configuration-timing-followup/timing.worker.test.ts[2m > [22m[2mowned configuration commits scoped duplicate/conflict outcomes and lost acknowledgments, encrypted=true
[22m[39m[007-product-timing] {"selection":false,"credentialMs":21,"policyMs":6}

[90mstdout[2m | ../../plans/evidence/artifacts/007/configuration-timing-followup/timing.worker.test.ts[2m > [22m[2mowned configuration commits scoped duplicate/conflict outcomes and lost acknowledgments, encrypted=true
[22m[39m[007-product-timing] {"selection":false,"credentialMs":17,"policyMs":6}

[90mstdout[2m | ../../plans/evidence/artifacts/007/configuration-timing-followup/timing.worker.test.ts[2m > [22m[2mowned configuration commits scoped duplicate/conflict outcomes and lost acknowledgments, encrypted=true
[22m[39m[007-product-timing] {"selection":true,"credentialMs":19,"policyMs":6}

[90mstdout[2m | ../../plans/evidence/artifacts/007/configuration-timing-followup/timing.worker.test.ts[2m > [22m[2mowned configuration commits scoped duplicate/conflict outcomes and lost acknowledgments, encrypted=true
[22m[39m[007-product-timing] {"selection":true,"credentialMs":18,"policyMs":6}

[90mstdout[2m | ../../plans/evidence/artifacts/007/configuration-timing-followup/timing.worker.test.ts[2m > [22m[2mowned configuration commits scoped duplicate/conflict outcomes and lost acknowledgments, encrypted=true
[22m[39m[007-product-timing] {"selection":true,"credentialMs":17,"policyMs":6}

[90mstdout[2m | ../../plans/evidence/artifacts/007/configuration-timing-followup/timing.worker.test.ts[2m > [22m[2mowned configuration commits scoped duplicate/conflict outcomes and lost acknowledgments, encrypted=true
[22m[39m[007-product-timing] {"selection":true,"credentialMs":17,"policyMs":5}

[90mstdout[2m | ../../plans/evidence/artifacts/007/configuration-timing-followup/timing.worker.test.ts[2m > [22m[2mowned configuration commits scoped duplicate/conflict outcomes and lost acknowledgments, encrypted=true
[22m[39m[007-product-timing] {"selection":true,"credentialMs":19,"policyMs":6}

[90mstdout[2m | ../../plans/evidence/artifacts/007/configuration-timing-followup/timing.worker.test.ts[2m > [22m[2mowned configuration commits scoped duplicate/conflict outcomes and lost acknowledgments, encrypted=true
[22m[39m[007-product-timing] {"selection":true,"credentialMs":18,"policyMs":5}

[90mstdout[2m | ../../plans/evidence/artifacts/007/configuration-timing-followup/timing.worker.test.ts[2m > [22m[2mowned configuration commits scoped duplicate/conflict outcomes and lost acknowledgments, encrypted=true
[22m[39m[007-product-timing] {"selection":false,"credentialMs":18,"policyMs":5}

[90mstdout[2m | ../../plans/evidence/artifacts/007/configuration-timing-followup/timing.worker.test.ts[2m > [22m[2mowned configuration commits scoped duplicate/conflict outcomes and lost acknowledgments, encrypted=true
[22m[39m[007-product-timing] {"selection":false,"credentialMs":17,"policyMs":6}

[90mstdout[2m | ../../plans/evidence/artifacts/007/configuration-timing-followup/timing.worker.test.ts[2m > [22m[2mowned configuration commits scoped duplicate/conflict outcomes and lost acknowledgments, encrypted=true
[22m[39m[007-product-timing] {"selection":false,"credentialMs":18,"policyMs":6}

[90mstdout[2m | ../../plans/evidence/artifacts/007/configuration-timing-followup/timing.worker.test.ts[2m > [22m[2mowned configuration commits scoped duplicate/conflict outcomes and lost acknowledgments, encrypted=true
[22m[39m[007-product-timing] {"selection":false,"credentialMs":19,"policyMs":6}

[90mstdout[2m | ../../plans/evidence/artifacts/007/configuration-timing-followup/timing.worker.test.ts[2m > [22m[2mowned configuration commits scoped duplicate/conflict outcomes and lost acknowledgments, encrypted=true
[22m[39m[007-product-timing] {"selection":false,"credentialMs":17,"policyMs":5}

[90mstdout[2m | ../../plans/evidence/artifacts/007/configuration-timing-followup/timing.worker.test.ts[2m > [22m[2mowned configuration commits scoped duplicate/conflict outcomes and lost acknowledgments, encrypted=true
[22m[39m[007-product-timing] {"selection":false,"credentialMs":20,"policyMs":6}

[90mstdout[2m | ../../plans/evidence/artifacts/007/configuration-timing-followup/timing.worker.test.ts[2m > [22m[2mowned configuration commits scoped duplicate/conflict outcomes and lost acknowledgments, encrypted=true
[22m[39m[007-product-timing] {"selection":false,"credentialMs":19,"policyMs":5}

[90mstdout[2m | ../../plans/evidence/artifacts/007/configuration-timing-followup/timing.worker.test.ts[2m > [22m[2mowned configuration commits scoped duplicate/conflict outcomes and lost acknowledgments, encrypted=true
[22m[39m[007-product-timing] {"selection":false,"credentialMs":21,"policyMs":5}

[90mstdout[2m | ../../plans/evidence/artifacts/007/configuration-timing-followup/timing.worker.test.ts[2m > [22m[2mowned configuration commits scoped duplicate/conflict outcomes and lost acknowledgments, encrypted=true
[22m[39m[007-product-timing] {"selection":false,"credentialMs":20,"policyMs":6}

[90mstdout[2m | ../../plans/evidence/artifacts/007/configuration-timing-followup/timing.worker.test.ts[2m > [22m[2mowned configuration commits scoped duplicate/conflict outcomes and lost acknowledgments, encrypted=true
[22m[39m[007-product-timing] {"selection":false,"credentialMs":22,"policyMs":5}

[90mstdout[2m | ../../plans/evidence/artifacts/007/configuration-timing-followup/timing.worker.test.ts[2m > [22m[2mowned configuration commits scoped duplicate/conflict outcomes and lost acknowledgments, encrypted=true
[22m[39m[007-product-timing] {"selection":false,"credentialMs":18,"policyMs":5}

[90mstdout[2m | ../../plans/evidence/artifacts/007/configuration-timing-followup/timing.worker.test.ts[2m > [22m[2mowned configuration commits scoped duplicate/conflict outcomes and lost acknowledgments, encrypted=true
[22m[39m[007-product-timing] {"selection":false,"credentialMs":19,"policyMs":5}

[90mstdout[2m | ../../plans/evidence/artifacts/007/configuration-timing-followup/timing.worker.test.ts[2m > [22m[2mowned configuration commits scoped duplicate/conflict outcomes and lost acknowledgments, encrypted=true
[22m[39m[007-timing] {"test":"owned configuration commits scoped duplicate/conflict outcomes and lost acknowledgments, encrypted=true","totalMs":2746,"measured":{"fixture.setup":{"count":1,"ms":702,"max":702},"host.durable":{"count":14,"ms":47,"max":10},"local.productD1":{"count":67,"ms":379,"max":8},"local.authority":{"count":28,"ms":163,"max":7},"host.configurationLedger":{"count":23,"ms":3,"max":1},"product.configurationRPC":{"count":39,"ms":1758,"max":51},"host.configurationAllowed":{"count":13,"ms":1911,"max":159},"host.initializeOwnedConfiguration":{"count":2,"ms":142,"max":141},"host.open":{"count":2,"ms":169,"max":161},"host.seal":{"count":5,"ms":1,"max":1},"host.configurationIdentity":{"count":36,"ms":0,"max":0},"host.configurationEvidence":{"count":30,"ms":3,"max":1},"pi.configure":{"count":2,"ms":3,"max":2},"host.piConfiguration":{"count":4,"ms":2,"max":1},"host.configureOwned":{"count":6,"ms":1944,"max":590},"host.yield":{"count":2,"ms":11,"max":6}}}

[90mstdout[2m | ../../plans/evidence/artifacts/007/configuration-timing-followup/timing.worker.test.ts[2m > [22m[2mconfiguration crash at configuration-intent never reapplies an older choice, encrypted=true
[22m[39m[007-product-timing] {"selection":true,"credentialMs":18,"policyMs":5}

[90mstdout[2m | ../../plans/evidence/artifacts/007/configuration-timing-followup/timing.worker.test.ts[2m > [22m[2mconfiguration crash at configuration-intent never reapplies an older choice, encrypted=true
[22m[39m[007-product-timing] {"selection":true,"credentialMs":20,"policyMs":5}

[90mstdout[2m | ../../plans/evidence/artifacts/007/configuration-timing-followup/timing.worker.test.ts[2m > [22m[2mconfiguration crash at configuration-intent never reapplies an older choice, encrypted=true
[22m[39m[007-product-timing] {"selection":true,"credentialMs":18,"policyMs":6}

[90mstdout[2m | ../../plans/evidence/artifacts/007/configuration-timing-followup/timing.worker.test.ts[2m > [22m[2mconfiguration crash at configuration-intent never reapplies an older choice, encrypted=true
[22m[39m[007-product-timing] {"selection":false,"credentialMs":18,"policyMs":5}

[90mstdout[2m | ../../plans/evidence/artifacts/007/configuration-timing-followup/timing.worker.test.ts[2m > [22m[2mconfiguration crash at configuration-intent never reapplies an older choice, encrypted=true
[22m[39m[007-product-timing] {"selection":false,"credentialMs":19,"policyMs":6}

[90mstdout[2m | ../../plans/evidence/artifacts/007/configuration-timing-followup/timing.worker.test.ts[2m > [22m[2mconfiguration crash at configuration-intent never reapplies an older choice, encrypted=true
[22m[39m[007-product-timing] {"selection":false,"credentialMs":20,"policyMs":6}

[90mstdout[2m | ../../plans/evidence/artifacts/007/configuration-timing-followup/timing.worker.test.ts[2m > [22m[2mconfiguration crash at configuration-intent never reapplies an older choice, encrypted=true
[22m[39m[007-product-timing] {"selection":true,"credentialMs":18,"policyMs":5}

[90mstdout[2m | ../../plans/evidence/artifacts/007/configuration-timing-followup/timing.worker.test.ts[2m > [22m[2mconfiguration crash at configuration-intent never reapplies an older choice, encrypted=true
[22m[39m[007-product-timing] {"selection":true,"credentialMs":19,"policyMs":6}

[90mstdout[2m | ../../plans/evidence/artifacts/007/configuration-timing-followup/timing.worker.test.ts[2m > [22m[2mconfiguration crash at configuration-intent never reapplies an older choice, encrypted=true
[22m[39m[007-product-timing] {"selection":true,"credentialMs":20,"policyMs":6}

[90mstdout[2m | ../../plans/evidence/artifacts/007/configuration-timing-followup/timing.worker.test.ts[2m > [22m[2mconfiguration crash at configuration-intent never reapplies an older choice, encrypted=true
[22m[39m[007-product-timing] {"selection":false,"credentialMs":21,"policyMs":5}

[90mstdout[2m | ../../plans/evidence/artifacts/007/configuration-timing-followup/timing.worker.test.ts[2m > [22m[2mconfiguration crash at configuration-intent never reapplies an older choice, encrypted=true
[22m[39m[007-product-timing] {"selection":false,"credentialMs":20,"policyMs":6}

[90mstdout[2m | ../../plans/evidence/artifacts/007/configuration-timing-followup/timing.worker.test.ts[2m > [22m[2mconfiguration crash at configuration-intent never reapplies an older choice, encrypted=true
[22m[39m[007-product-timing] {"selection":false,"credentialMs":18,"policyMs":5}

[90mstdout[2m | ../../plans/evidence/artifacts/007/configuration-timing-followup/timing.worker.test.ts[2m > [22m[2mconfiguration crash at configuration-intent never reapplies an older choice, encrypted=true
[22m[39m[007-product-timing] {"selection":false,"credentialMs":19,"policyMs":5}

[90mstdout[2m | ../../plans/evidence/artifacts/007/configuration-timing-followup/timing.worker.test.ts[2m > [22m[2mconfiguration crash at configuration-intent never reapplies an older choice, encrypted=true
[22m[39m[007-product-timing] {"selection":false,"credentialMs":21,"policyMs":5}

[90mstdout[2m | ../../plans/evidence/artifacts/007/configuration-timing-followup/timing.worker.test.ts[2m > [22m[2mconfiguration crash at configuration-intent never reapplies an older choice, encrypted=true
[22m[39m[007-product-timing] {"selection":false,"credentialMs":19,"policyMs":5}

[90mstdout[2m | ../../plans/evidence/artifacts/007/configuration-timing-followup/timing.worker.test.ts[2m > [22m[2mconfiguration crash at configuration-intent never reapplies an older choice, encrypted=true
[22m[39m[007-product-timing] {"selection":true,"credentialMs":20,"policyMs":5}

[90mstdout[2m | ../../plans/evidence/artifacts/007/configuration-timing-followup/timing.worker.test.ts[2m > [22m[2mconfiguration crash at configuration-intent never reapplies an older choice, encrypted=true
[22m[39m[007-product-timing] {"selection":true,"credentialMs":19,"policyMs":5}

[90mstdout[2m | ../../plans/evidence/artifacts/007/configuration-timing-followup/timing.worker.test.ts[2m > [22m[2mconfiguration crash at configuration-intent never reapplies an older choice, encrypted=true
[22m[39m[007-product-timing] {"selection":true,"credentialMs":19,"policyMs":6}

[90mstdout[2m | ../../plans/evidence/artifacts/007/configuration-timing-followup/timing.worker.test.ts[2m > [22m[2mconfiguration crash at configuration-intent never reapplies an older choice, encrypted=true
[22m[39m[007-product-timing] {"selection":true,"credentialMs":18,"policyMs":5}

[90mstdout[2m | ../../plans/evidence/artifacts/007/configuration-timing-followup/timing.worker.test.ts[2m > [22m[2mconfiguration crash at configuration-intent never reapplies an older choice, encrypted=true
[22m[39m[007-product-timing] {"selection":true,"credentialMs":18,"policyMs":6}

[90mstdout[2m | ../../plans/evidence/artifacts/007/configuration-timing-followup/timing.worker.test.ts[2m > [22m[2mconfiguration crash at configuration-intent never reapplies an older choice, encrypted=true
[22m[39m[007-product-timing] {"selection":true,"credentialMs":20,"policyMs":5}

[90mstdout[2m | ../../plans/evidence/artifacts/007/configuration-timing-followup/timing.worker.test.ts[2m > [22m[2mconfiguration crash at configuration-intent never reapplies an older choice, encrypted=true
[22m[39m[007-product-timing] {"selection":false,"credentialMs":19,"policyMs":5}

[90mstdout[2m | ../../plans/evidence/artifacts/007/configuration-timing-followup/timing.worker.test.ts[2m > [22m[2mconfiguration crash at configuration-intent never reapplies an older choice, encrypted=true
[22m[39m[007-product-timing] {"selection":false,"credentialMs":19,"policyMs":6}

[90mstdout[2m | ../../plans/evidence/artifacts/007/configuration-timing-followup/timing.worker.test.ts[2m > [22m[2mconfiguration crash at configuration-intent never reapplies an older choice, encrypted=true
[22m[39m[007-product-timing] {"selection":false,"credentialMs":18,"policyMs":6}

[90mstdout[2m | ../../plans/evidence/artifacts/007/configuration-timing-followup/timing.worker.test.ts[2m > [22m[2mconfiguration crash at configuration-intent never reapplies an older choice, encrypted=true
[22m[39m[007-product-timing] {"selection":false,"credentialMs":17,"policyMs":9}

[90mstdout[2m | ../../plans/evidence/artifacts/007/configuration-timing-followup/timing.worker.test.ts[2m > [22m[2mconfiguration crash at configuration-intent never reapplies an older choice, encrypted=true
[22m[39m[007-product-timing] {"selection":false,"credentialMs":20,"policyMs":6}

[90mstdout[2m | ../../plans/evidence/artifacts/007/configuration-timing-followup/timing.worker.test.ts[2m > [22m[2mconfiguration crash at configuration-intent never reapplies an older choice, encrypted=true
[22m[39m[007-product-timing] {"selection":false,"credentialMs":16,"policyMs":6}

[90mstdout[2m | ../../plans/evidence/artifacts/007/configuration-timing-followup/timing.worker.test.ts[2m > [22m[2mconfiguration crash at configuration-intent never reapplies an older choice, encrypted=true
[22m[39m[007-timing] {"test":"configuration crash at configuration-intent never reapplies an older choice, encrypted=true","totalMs":2263,"measured":{"fixture.setup":{"count":1,"ms":682,"max":682},"host.durable":{"count":13,"ms":43,"max":11},"local.productD1":{"count":47,"ms":263,"max":9},"local.authority":{"count":20,"ms":112,"max":7},"host.configurationLedger":{"count":16,"ms":2,"max":1},"product.configurationRPC":{"count":27,"ms":1350,"max":53},"host.configurationAllowed":{"count":9,"ms":1460,"max":167},"host.initializeOwnedConfiguration":{"count":2,"ms":175,"max":168},"host.open":{"count":2,"ms":200,"max":186},"host.seal":{"count":5,"ms":0,"max":0},"host.configurationIdentity":{"count":22,"ms":0,"max":0},"host.configureOwned":{"count":4,"ms":1156,"max":509},"host.yield":{"count":2,"ms":11,"max":6},"host.configurationEvidence":{"count":18,"ms":2,"max":1},"host.piConfiguration":{"count":3,"ms":3,"max":1},"pi.configure":{"count":1,"ms":2,"max":2}}}

[90mstdout[2m | ../../plans/evidence/artifacts/007/configuration-timing-followup/timing.worker.test.ts[2m > [22m[2mconfiguration crash at configuration-applied never reapplies an older choice, encrypted=true
[22m[39m[007-product-timing] {"selection":true,"credentialMs":19,"policyMs":6}

[90mstdout[2m | ../../plans/evidence/artifacts/007/configuration-timing-followup/timing.worker.test.ts[2m > [22m[2mconfiguration crash at configuration-applied never reapplies an older choice, encrypted=true
[22m[39m[007-product-timing] {"selection":true,"credentialMs":16,"policyMs":6}

[90mstdout[2m | ../../plans/evidence/artifacts/007/configuration-timing-followup/timing.worker.test.ts[2m > [22m[2mconfiguration crash at configuration-applied never reapplies an older choice, encrypted=true
[22m[39m[007-product-timing] {"selection":true,"credentialMs":16,"policyMs":5}

[90mstdout[2m | ../../plans/evidence/artifacts/007/configuration-timing-followup/timing.worker.test.ts[2m > [22m[2mconfiguration crash at configuration-applied never reapplies an older choice, encrypted=true
[22m[39m[007-product-timing] {"selection":false,"credentialMs":17,"policyMs":5}

[90mstdout[2m | ../../plans/evidence/artifacts/007/configuration-timing-followup/timing.worker.test.ts[2m > [22m[2mconfiguration crash at configuration-applied never reapplies an older choice, encrypted=true
[22m[39m[007-product-timing] {"selection":false,"credentialMs":18,"policyMs":5}

[90mstdout[2m | ../../plans/evidence/artifacts/007/configuration-timing-followup/timing.worker.test.ts[2m > [22m[2mconfiguration crash at configuration-applied never reapplies an older choice, encrypted=true
[22m[39m[007-product-timing] {"selection":false,"credentialMs":18,"policyMs":6}

[90mstdout[2m | ../../plans/evidence/artifacts/007/configuration-timing-followup/timing.worker.test.ts[2m > [22m[2mconfiguration crash at configuration-applied never reapplies an older choice, encrypted=true
[22m[39m[007-product-timing] {"selection":true,"credentialMs":20,"policyMs":6}

[90mstdout[2m | ../../plans/evidence/artifacts/007/configuration-timing-followup/timing.worker.test.ts[2m > [22m[2mconfiguration crash at configuration-applied never reapplies an older choice, encrypted=true
[22m[39m[007-product-timing] {"selection":true,"credentialMs":21,"policyMs":6}

[90mstdout[2m | ../../plans/evidence/artifacts/007/configuration-timing-followup/timing.worker.test.ts[2m > [22m[2mconfiguration crash at configuration-applied never reapplies an older choice, encrypted=true
[22m[39m[007-product-timing] {"selection":true,"credentialMs":24,"policyMs":7}

[90mstdout[2m | ../../plans/evidence/artifacts/007/configuration-timing-followup/timing.worker.test.ts[2m > [22m[2mconfiguration crash at configuration-applied never reapplies an older choice, encrypted=true
[22m[39m[007-product-timing] {"selection":true,"credentialMs":22,"policyMs":30}

[90mstdout[2m | ../../plans/evidence/artifacts/007/configuration-timing-followup/timing.worker.test.ts[2m > [22m[2mconfiguration crash at configuration-applied never reapplies an older choice, encrypted=true
[22m[39m[007-product-timing] {"selection":true,"credentialMs":23,"policyMs":7}

[90mstdout[2m | ../../plans/evidence/artifacts/007/configuration-timing-followup/timing.worker.test.ts[2m > [22m[2mconfiguration crash at configuration-applied never reapplies an older choice, encrypted=true
[22m[39m[007-product-timing] {"selection":true,"credentialMs":22,"policyMs":7}

[90mstdout[2m | ../../plans/evidence/artifacts/007/configuration-timing-followup/timing.worker.test.ts[2m > [22m[2mconfiguration crash at configuration-applied never reapplies an older choice, encrypted=true
[22m[39m[007-product-timing] {"selection":false,"credentialMs":24,"policyMs":7}

[90mstdout[2m | ../../plans/evidence/artifacts/007/configuration-timing-followup/timing.worker.test.ts[2m > [22m[2mconfiguration crash at configuration-applied never reapplies an older choice, encrypted=true
[22m[39m[007-product-timing] {"selection":false,"credentialMs":23,"policyMs":7}

[90mstdout[2m | ../../plans/evidence/artifacts/007/configuration-timing-followup/timing.worker.test.ts[2m > [22m[2mconfiguration crash at configuration-applied never reapplies an older choice, encrypted=true
[22m[39m[007-product-timing] {"selection":false,"credentialMs":18,"policyMs":4}

[90mstdout[2m | ../../plans/evidence/artifacts/007/configuration-timing-followup/timing.worker.test.ts[2m > [22m[2mconfiguration crash at configuration-applied never reapplies an older choice, encrypted=true
[22m[39m[007-product-timing] {"selection":false,"credentialMs":19,"policyMs":5}

[90mstdout[2m | ../../plans/evidence/artifacts/007/configuration-timing-followup/timing.worker.test.ts[2m > [22m[2mconfiguration crash at configuration-applied never reapplies an older choice, encrypted=true
[22m[39m[007-product-timing] {"selection":false,"credentialMs":19,"policyMs":4}

[90mstdout[2m | ../../plans/evidence/artifacts/007/configuration-timing-followup/timing.worker.test.ts[2m > [22m[2mconfiguration crash at configuration-applied never reapplies an older choice, encrypted=true
[22m[39m[007-product-timing] {"selection":false,"credentialMs":20,"policyMs":6}

[90mstdout[2m | ../../plans/evidence/artifacts/007/configuration-timing-followup/timing.worker.test.ts[2m > [22m[2mconfiguration crash at configuration-applied never reapplies an older choice, encrypted=true
[22m[39m[007-product-timing] {"selection":true,"credentialMs":17,"policyMs":5}

[90mstdout[2m | ../../plans/evidence/artifacts/007/configuration-timing-followup/timing.worker.test.ts[2m > [22m[2mconfiguration crash at configuration-applied never reapplies an older choice, encrypted=true
[22m[39m[007-product-timing] {"selection":true,"credentialMs":17,"policyMs":5}

[90mstdout[2m | ../../plans/evidence/artifacts/007/configuration-timing-followup/timing.worker.test.ts[2m > [22m[2mconfiguration crash at configuration-applied never reapplies an older choice, encrypted=true
[22m[39m[007-product-timing] {"selection":true,"credentialMs":18,"policyMs":6}

[90mstdout[2m | ../../plans/evidence/artifacts/007/configuration-timing-followup/timing.worker.test.ts[2m > [22m[2mconfiguration crash at configuration-applied never reapplies an older choice, encrypted=true
[22m[39m[007-product-timing] {"selection":true,"credentialMs":22,"policyMs":7}

[90mstdout[2m | ../../plans/evidence/artifacts/007/configuration-timing-followup/timing.worker.test.ts[2m > [22m[2mconfiguration crash at configuration-applied never reapplies an older choice, encrypted=true
[22m[39m[007-product-timing] {"selection":true,"credentialMs":26,"policyMs":6}

[90mstdout[2m | ../../plans/evidence/artifacts/007/configuration-timing-followup/timing.worker.test.ts[2m > [22m[2mconfiguration crash at configuration-applied never reapplies an older choice, encrypted=true
[22m[39m[007-product-timing] {"selection":true,"credentialMs":27,"policyMs":7}

[90mstdout[2m | ../../plans/evidence/artifacts/007/configuration-timing-followup/timing.worker.test.ts[2m > [22m[2mconfiguration crash at configuration-applied never reapplies an older choice, encrypted=true
[22m[39m[007-product-timing] {"selection":false,"credentialMs":26,"policyMs":6}

[90mstdout[2m | ../../plans/evidence/artifacts/007/configuration-timing-followup/timing.worker.test.ts[2m > [22m[2mconfiguration crash at configuration-applied never reapplies an older choice, encrypted=true
[22m[39m[007-product-timing] {"selection":false,"credentialMs":27,"policyMs":6}

[90mstdout[2m | ../../plans/evidence/artifacts/007/configuration-timing-followup/timing.worker.test.ts[2m > [22m[2mconfiguration crash at configuration-applied never reapplies an older choice, encrypted=true
[22m[39m[007-product-timing] {"selection":false,"credentialMs":23,"policyMs":9}

[90mstdout[2m | ../../plans/evidence/artifacts/007/configuration-timing-followup/timing.worker.test.ts[2m > [22m[2mconfiguration crash at configuration-applied never reapplies an older choice, encrypted=true
[22m[39m[007-product-timing] {"selection":false,"credentialMs":26,"policyMs":7}

[90mstdout[2m | ../../plans/evidence/artifacts/007/configuration-timing-followup/timing.worker.test.ts[2m > [22m[2mconfiguration crash at configuration-applied never reapplies an older choice, encrypted=true
[22m[39m[007-product-timing] {"selection":false,"credentialMs":24,"policyMs":6}

[90mstdout[2m | ../../plans/evidence/artifacts/007/configuration-timing-followup/timing.worker.test.ts[2m > [22m[2mconfiguration crash at configuration-applied never reapplies an older choice, encrypted=true
[22m[39m[007-product-timing] {"selection":false,"credentialMs":24,"policyMs":7}

[90mstdout[2m | ../../plans/evidence/artifacts/007/configuration-timing-followup/timing.worker.test.ts[2m > [22m[2mconfiguration crash at configuration-applied never reapplies an older choice, encrypted=true
[22m[39m[007-timing] {"test":"configuration crash at configuration-applied never reapplies an older choice, encrypted=true","totalMs":2796,"measured":{"fixture.setup":{"count":1,"ms":689,"max":689},"host.durable":{"count":14,"ms":52,"max":9},"local.productD1":{"count":52,"ms":346,"max":30},"local.authority":{"count":22,"ms":142,"max":8},"host.configurationLedger":{"count":17,"ms":4,"max":1},"product.configurationRPC":{"count":30,"ms":1820,"max":83},"host.configurationAllowed":{"count":10,"ms":1954,"max":224},"host.initializeOwnedConfiguration":{"count":2,"ms":188,"max":181},"host.open":{"count":2,"ms":218,"max":201},"host.seal":{"count":5,"ms":0,"max":0},"host.configurationIdentity":{"count":23,"ms":1,"max":1},"host.configurationEvidence":{"count":19,"ms":4,"max":1},"pi.configure":{"count":2,"ms":3,"max":2},"host.configureOwned":{"count":4,"ms":1604,"max":608},"host.yield":{"count":2,"ms":13,"max":7},"host.piConfiguration":{"count":3,"ms":2,"max":1}}}

[90mstdout[2m | ../../plans/evidence/artifacts/007/configuration-timing-followup/timing.worker.test.ts[2m > [22m[2mconfiguration crash at configuration-outcome never reapplies an older choice, encrypted=true
[22m[39m[007-product-timing] {"selection":true,"credentialMs":23,"policyMs":6}

[90mstdout[2m | ../../plans/evidence/artifacts/007/configuration-timing-followup/timing.worker.test.ts[2m > [22m[2mconfiguration crash at configuration-outcome never reapplies an older choice, encrypted=true
[22m[39m[007-product-timing] {"selection":true,"credentialMs":20,"policyMs":6}

[90mstdout[2m | ../../plans/evidence/artifacts/007/configuration-timing-followup/timing.worker.test.ts[2m > [22m[2mconfiguration crash at configuration-outcome never reapplies an older choice, encrypted=true
[22m[39m[007-product-timing] {"selection":true,"credentialMs":25,"policyMs":7}

[90mstdout[2m | ../../plans/evidence/artifacts/007/configuration-timing-followup/timing.worker.test.ts[2m > [22m[2mconfiguration crash at configuration-outcome never reapplies an older choice, encrypted=true
[22m[39m[007-product-timing] {"selection":false,"credentialMs":23,"policyMs":7}

[90mstdout[2m | ../../plans/evidence/artifacts/007/configuration-timing-followup/timing.worker.test.ts[2m > [22m[2mconfiguration crash at configuration-outcome never reapplies an older choice, encrypted=true
[22m[39m[007-product-timing] {"selection":false,"credentialMs":23,"policyMs":9}

[90mstdout[2m | ../../plans/evidence/artifacts/007/configuration-timing-followup/timing.worker.test.ts[2m > [22m[2mconfiguration crash at configuration-outcome never reapplies an older choice, encrypted=true
[22m[39m[007-product-timing] {"selection":false,"credentialMs":23,"policyMs":6}

[90mstdout[2m | ../../plans/evidence/artifacts/007/configuration-timing-followup/timing.worker.test.ts[2m > [22m[2mconfiguration crash at configuration-outcome never reapplies an older choice, encrypted=true
[22m[39m[007-product-timing] {"selection":true,"credentialMs":21,"policyMs":6}

[90mstdout[2m | ../../plans/evidence/artifacts/007/configuration-timing-followup/timing.worker.test.ts[2m > [22m[2mconfiguration crash at configuration-outcome never reapplies an older choice, encrypted=true
[22m[39m[007-product-timing] {"selection":true,"credentialMs":23,"policyMs":7}

[90mstdout[2m | ../../plans/evidence/artifacts/007/configuration-timing-followup/timing.worker.test.ts[2m > [22m[2mconfiguration crash at configuration-outcome never reapplies an older choice, encrypted=true
[22m[39m[007-product-timing] {"selection":true,"credentialMs":23,"policyMs":7}

[90mstdout[2m | ../../plans/evidence/artifacts/007/configuration-timing-followup/timing.worker.test.ts[2m > [22m[2mconfiguration crash at configuration-outcome never reapplies an older choice, encrypted=true
[22m[39m[007-product-timing] {"selection":true,"credentialMs":27,"policyMs":7}

[90mstdout[2m | ../../plans/evidence/artifacts/007/configuration-timing-followup/timing.worker.test.ts[2m > [22m[2mconfiguration crash at configuration-outcome never reapplies an older choice, encrypted=true
[22m[39m[007-product-timing] {"selection":true,"credentialMs":23,"policyMs":6}

[90mstdout[2m | ../../plans/evidence/artifacts/007/configuration-timing-followup/timing.worker.test.ts[2m > [22m[2mconfiguration crash at configuration-outcome never reapplies an older choice, encrypted=true
[22m[39m[007-product-timing] {"selection":true,"credentialMs":23,"policyMs":7}

[90mstdout[2m | ../../plans/evidence/artifacts/007/configuration-timing-followup/timing.worker.test.ts[2m > [22m[2mconfiguration crash at configuration-outcome never reapplies an older choice, encrypted=true
[22m[39m[007-product-timing] {"selection":false,"credentialMs":20,"policyMs":6}

[90mstdout[2m | ../../plans/evidence/artifacts/007/configuration-timing-followup/timing.worker.test.ts[2m > [22m[2mconfiguration crash at configuration-outcome never reapplies an older choice, encrypted=true
[22m[39m[007-product-timing] {"selection":false,"credentialMs":19,"policyMs":6}

[90mstdout[2m | ../../plans/evidence/artifacts/007/configuration-timing-followup/timing.worker.test.ts[2m > [22m[2mconfiguration crash at configuration-outcome never reapplies an older choice, encrypted=true
[22m[39m[007-product-timing] {"selection":false,"credentialMs":19,"policyMs":10}

[90mstdout[2m | ../../plans/evidence/artifacts/007/configuration-timing-followup/timing.worker.test.ts[2m > [22m[2mconfiguration crash at configuration-outcome never reapplies an older choice, encrypted=true
[22m[39m[007-product-timing] {"selection":false,"credentialMs":18,"policyMs":5}

[90mstdout[2m | ../../plans/evidence/artifacts/007/configuration-timing-followup/timing.worker.test.ts[2m > [22m[2mconfiguration crash at configuration-outcome never reapplies an older choice, encrypted=true
[22m[39m[007-product-timing] {"selection":false,"credentialMs":18,"policyMs":5}

[90mstdout[2m | ../../plans/evidence/artifacts/007/configuration-timing-followup/timing.worker.test.ts[2m > [22m[2mconfiguration crash at configuration-outcome never reapplies an older choice, encrypted=true
[22m[39m[007-product-timing] {"selection":false,"credentialMs":23,"policyMs":10}

[90mstdout[2m | ../../plans/evidence/artifacts/007/configuration-timing-followup/timing.worker.test.ts[2m > [22m[2mconfiguration crash at configuration-outcome never reapplies an older choice, encrypted=true
[22m[39m[007-product-timing] {"selection":true,"credentialMs":22,"policyMs":7}

[90mstdout[2m | ../../plans/evidence/artifacts/007/configuration-timing-followup/timing.worker.test.ts[2m > [22m[2mconfiguration crash at configuration-outcome never reapplies an older choice, encrypted=true
[22m[39m[007-product-timing] {"selection":true,"credentialMs":19,"policyMs":6}

[90mstdout[2m | ../../plans/evidence/artifacts/007/configuration-timing-followup/timing.worker.test.ts[2m > [22m[2mconfiguration crash at configuration-outcome never reapplies an older choice, encrypted=true
[22m[39m[007-product-timing] {"selection":true,"credentialMs":19,"policyMs":5}

[90mstdout[2m | ../../plans/evidence/artifacts/007/configuration-timing-followup/timing.worker.test.ts[2m > [22m[2mconfiguration crash at configuration-outcome never reapplies an older choice, encrypted=true
[22m[39m[007-product-timing] {"selection":true,"credentialMs":19,"policyMs":5}

[90mstdout[2m | ../../plans/evidence/artifacts/007/configuration-timing-followup/timing.worker.test.ts[2m > [22m[2mconfiguration crash at configuration-outcome never reapplies an older choice, encrypted=true
[22m[39m[007-product-timing] {"selection":true,"credentialMs":23,"policyMs":6}

[90mstdout[2m | ../../plans/evidence/artifacts/007/configuration-timing-followup/timing.worker.test.ts[2m > [22m[2mconfiguration crash at configuration-outcome never reapplies an older choice, encrypted=true
[22m[39m[007-product-timing] {"selection":true,"credentialMs":24,"policyMs":5}

[90mstdout[2m | ../../plans/evidence/artifacts/007/configuration-timing-followup/timing.worker.test.ts[2m > [22m[2mconfiguration crash at configuration-outcome never reapplies an older choice, encrypted=true
[22m[39m[007-product-timing] {"selection":false,"credentialMs":25,"policyMs":8}

[90mstdout[2m | ../../plans/evidence/artifacts/007/configuration-timing-followup/timing.worker.test.ts[2m > [22m[2mconfiguration crash at configuration-outcome never reapplies an older choice, encrypted=true
[22m[39m[007-product-timing] {"selection":false,"credentialMs":22,"policyMs":14}

[90mstdout[2m | ../../plans/evidence/artifacts/007/configuration-timing-followup/timing.worker.test.ts[2m > [22m[2mconfiguration crash at configuration-outcome never reapplies an older choice, encrypted=true
[22m[39m[007-product-timing] {"selection":false,"credentialMs":36,"policyMs":7}

[90mstdout[2m | ../../plans/evidence/artifacts/007/configuration-timing-followup/timing.worker.test.ts[2m > [22m[2mconfiguration crash at configuration-outcome never reapplies an older choice, encrypted=true
[22m[39m[007-product-timing] {"selection":false,"credentialMs":41,"policyMs":13}

[90mstdout[2m | ../../plans/evidence/artifacts/007/configuration-timing-followup/timing.worker.test.ts[2m > [22m[2mconfiguration crash at configuration-outcome never reapplies an older choice, encrypted=true
[22m[39m[007-product-timing] {"selection":false,"credentialMs":31,"policyMs":5}

[90mstdout[2m | ../../plans/evidence/artifacts/007/configuration-timing-followup/timing.worker.test.ts[2m > [22m[2mconfiguration crash at configuration-outcome never reapplies an older choice, encrypted=true
[22m[39m[007-product-timing] {"selection":false,"credentialMs":27,"policyMs":10}

[90mstdout[2m | ../../plans/evidence/artifacts/007/configuration-timing-followup/timing.worker.test.ts[2m > [22m[2mconfiguration crash at configuration-outcome never reapplies an older choice, encrypted=true
[22m[39m[007-timing] {"test":"configuration crash at configuration-outcome never reapplies an older choice, encrypted=true","totalMs":4846,"measured":{"fixture.setup":{"count":1,"ms":2330,"max":2330},"host.durable":{"count":14,"ms":59,"max":15},"local.productD1":{"count":52,"ms":372,"max":15},"local.authority":{"count":22,"ms":158,"max":15},"host.configurationLedger":{"count":17,"ms":8,"max":6},"product.configurationRPC":{"count":30,"ms":2150,"max":116},"host.configurationAllowed":{"count":10,"ms":2307,"max":343},"host.initializeOwnedConfiguration":{"count":2,"ms":231,"max":230},"host.open":{"count":2,"ms":264,"max":254},"host.seal":{"count":5,"ms":2,"max":1},"host.configurationIdentity":{"count":23,"ms":0,"max":0},"host.configurationEvidence":{"count":19,"ms":8,"max":6},"pi.configure":{"count":2,"ms":3,"max":2},"host.piConfiguration":{"count":3,"ms":1,"max":1},"host.configureOwned":{"count":4,"ms":1784,"max":687},"host.yield":{"count":2,"ms":13,"max":8}}}

[90mstdout[2m | ../../plans/evidence/artifacts/007/configuration-timing-followup/timing.worker.test.ts[2m > [22m[2mowned configuration rejects wrong-user after actual D1 revocation with unchanged Pi state
[22m[39m[007-product-timing] {"selection":true,"credentialMs":32,"policyMs":8}

[90mstdout[2m | ../../plans/evidence/artifacts/007/configuration-timing-followup/timing.worker.test.ts[2m > [22m[2mowned configuration rejects wrong-user after actual D1 revocation with unchanged Pi state
[22m[39m[007-product-timing] {"selection":true,"credentialMs":35,"policyMs":13}

[90mstdout[2m | ../../plans/evidence/artifacts/007/configuration-timing-followup/timing.worker.test.ts[2m > [22m[2mowned configuration rejects wrong-user after actual D1 revocation with unchanged Pi state
[22m[39m[007-product-timing] {"selection":true,"credentialMs":36,"policyMs":10}

[90mstdout[2m | ../../plans/evidence/artifacts/007/configuration-timing-followup/timing.worker.test.ts[2m > [22m[2mowned configuration rejects wrong-user after actual D1 revocation with unchanged Pi state
[22m[39m[007-product-timing] {"selection":false,"credentialMs":31,"policyMs":12}

[90mstdout[2m | ../../plans/evidence/artifacts/007/configuration-timing-followup/timing.worker.test.ts[2m > [22m[2mowned configuration rejects wrong-user after actual D1 revocation with unchanged Pi state
[22m[39m[007-product-timing] {"selection":false,"credentialMs":43,"policyMs":10}

[90mstdout[2m | ../../plans/evidence/artifacts/007/configuration-timing-followup/timing.worker.test.ts[2m > [22m[2mowned configuration rejects wrong-user after actual D1 revocation with unchanged Pi state
[22m[39m[007-product-timing] {"selection":false,"credentialMs":31,"policyMs":5}

[90mstdout[2m | ../../plans/evidence/artifacts/007/configuration-timing-followup/timing.worker.test.ts[2m > [22m[2mowned configuration rejects wrong-user after actual D1 revocation with unchanged Pi state
[22m[39m[007-product-timing] {"selection":false,"credentialMs":21,"policyMs":4}

[90mstdout[2m | ../../plans/evidence/artifacts/007/configuration-timing-followup/timing.worker.test.ts[2m > [22m[2mowned configuration rejects wrong-user after actual D1 revocation with unchanged Pi state
[22m[39m[007-timing] {"test":"owned configuration rejects wrong-user after actual D1 revocation with unchanged Pi state","totalMs":2435,"measured":{"fixture.setup":{"count":1,"ms":1548,"max":1548},"host.durable":{"count":5,"ms":23,"max":16},"local.productD1":{"count":12,"ms":118,"max":17},"local.authority":{"count":5,"ms":56,"max":17},"host.configurationLedger":{"count":4,"ms":0,"max":0},"product.configurationRPC":{"count":7,"ms":712,"max":119},"host.configurationAllowed":{"count":3,"ms":758,"max":357},"host.initializeOwnedConfiguration":{"count":1,"ms":345,"max":345},"host.open":{"count":1,"ms":379,"max":379},"host.seal":{"count":1,"ms":0,"max":0},"host.piConfiguration":{"count":1,"ms":1,"max":1},"host.configureOwned":{"count":1,"ms":66,"max":66},"host.yield":{"count":1,"ms":8,"max":8}}}

[90mstdout[2m | ../../plans/evidence/artifacts/007/configuration-timing-followup/timing.worker.test.ts[2m > [22m[2mowned configuration rejects wrong-project-owner after actual D1 revocation with unchanged Pi state
[22m[39m[007-product-timing] {"selection":true,"credentialMs":18,"policyMs":5}

[90mstdout[2m | ../../plans/evidence/artifacts/007/configuration-timing-followup/timing.worker.test.ts[2m > [22m[2mowned configuration rejects wrong-project-owner after actual D1 revocation with unchanged Pi state
[22m[39m[007-product-timing] {"selection":true,"credentialMs":19,"policyMs":5}

[90mstdout[2m | ../../plans/evidence/artifacts/007/configuration-timing-followup/timing.worker.test.ts[2m > [22m[2mowned configuration rejects wrong-project-owner after actual D1 revocation with unchanged Pi state
[22m[39m[007-product-timing] {"selection":true,"credentialMs":18,"policyMs":5}

[90mstdout[2m | ../../plans/evidence/artifacts/007/configuration-timing-followup/timing.worker.test.ts[2m > [22m[2mowned configuration rejects wrong-project-owner after actual D1 revocation with unchanged Pi state
[22m[39m[007-product-timing] {"selection":false,"credentialMs":20,"policyMs":6}

[90mstdout[2m | ../../plans/evidence/artifacts/007/configuration-timing-followup/timing.worker.test.ts[2m > [22m[2mowned configuration rejects wrong-project-owner after actual D1 revocation with unchanged Pi state
[22m[39m[007-product-timing] {"selection":false,"credentialMs":17,"policyMs":6}

[90mstdout[2m | ../../plans/evidence/artifacts/007/configuration-timing-followup/timing.worker.test.ts[2m > [22m[2mowned configuration rejects wrong-project-owner after actual D1 revocation with unchanged Pi state
[22m[39m[007-product-timing] {"selection":false,"credentialMs":20,"policyMs":5}

[90mstdout[2m | ../../plans/evidence/artifacts/007/configuration-timing-followup/timing.worker.test.ts[2m > [22m[2mowned configuration rejects wrong-project-owner after actual D1 revocation with unchanged Pi state
[22m[39m[007-product-timing] {"selection":false,"credentialMs":18,"policyMs":5}

[90mstdout[2m | ../../plans/evidence/artifacts/007/configuration-timing-followup/timing.worker.test.ts[2m > [22m[2mowned configuration rejects wrong-project-owner after actual D1 revocation with unchanged Pi state
[22m[39m[007-timing] {"test":"owned configuration rejects wrong-project-owner after actual D1 revocation with unchanged Pi state","totalMs":1416,"measured":{"fixture.setup":{"count":1,"ms":843,"max":843},"host.durable":{"count":5,"ms":15,"max":11},"local.productD1":{"count":12,"ms":63,"max":6},"local.authority":{"count":5,"ms":26,"max":6},"host.configurationLedger":{"count":4,"ms":0,"max":0},"product.configurationRPC":{"count":7,"ms":456,"max":68},"host.configurationAllowed":{"count":3,"ms":476,"max":208},"host.initializeOwnedConfiguration":{"count":1,"ms":210,"max":210},"host.open":{"count":1,"ms":234,"max":234},"host.seal":{"count":1,"ms":0,"max":0},"host.piConfiguration":{"count":1,"ms":0,"max":0},"host.configureOwned":{"count":1,"ms":64,"max":64},"host.yield":{"count":1,"ms":6,"max":6}}}

[90mstdout[2m | ../../plans/evidence/artifacts/007/configuration-timing-followup/timing.worker.test.ts[2m > [22m[2mowned configuration rejects wrong-project after actual D1 revocation with unchanged Pi state
[22m[39m[007-product-timing] {"selection":true,"credentialMs":20,"policyMs":5}

[90mstdout[2m | ../../plans/evidence/artifacts/007/configuration-timing-followup/timing.worker.test.ts[2m > [22m[2mowned configuration rejects wrong-project after actual D1 revocation with unchanged Pi state
[22m[39m[007-product-timing] {"selection":true,"credentialMs":19,"policyMs":6}

[90mstdout[2m | ../../plans/evidence/artifacts/007/configuration-timing-followup/timing.worker.test.ts[2m > [22m[2mowned configuration rejects wrong-project after actual D1 revocation with unchanged Pi state
[22m[39m[007-product-timing] {"selection":true,"credentialMs":20,"policyMs":5}

[90mstdout[2m | ../../plans/evidence/artifacts/007/configuration-timing-followup/timing.worker.test.ts[2m > [22m[2mowned configuration rejects wrong-project after actual D1 revocation with unchanged Pi state
[22m[39m[007-product-timing] {"selection":false,"credentialMs":21,"policyMs":5}

[90mstdout[2m | ../../plans/evidence/artifacts/007/configuration-timing-followup/timing.worker.test.ts[2m > [22m[2mowned configuration rejects wrong-project after actual D1 revocation with unchanged Pi state
[22m[39m[007-product-timing] {"selection":false,"credentialMs":19,"policyMs":6}

[90mstdout[2m | ../../plans/evidence/artifacts/007/configuration-timing-followup/timing.worker.test.ts[2m > [22m[2mowned configuration rejects wrong-project after actual D1 revocation with unchanged Pi state
[22m[39m[007-product-timing] {"selection":false,"credentialMs":21,"policyMs":6}

[90mstdout[2m | ../../plans/evidence/artifacts/007/configuration-timing-followup/timing.worker.test.ts[2m > [22m[2mowned configuration rejects wrong-project after actual D1 revocation with unchanged Pi state
[22m[39m[007-product-timing] {"selection":false,"credentialMs":20,"policyMs":5}

[90mstdout[2m | ../../plans/evidence/artifacts/007/configuration-timing-followup/timing.worker.test.ts[2m > [22m[2mowned configuration rejects wrong-project after actual D1 revocation with unchanged Pi state
[22m[39m[007-timing] {"test":"owned configuration rejects wrong-project after actual D1 revocation with unchanged Pi state","totalMs":1268,"measured":{"fixture.setup":{"count":1,"ms":674,"max":674},"host.durable":{"count":5,"ms":19,"max":14},"local.productD1":{"count":12,"ms":66,"max":6},"local.authority":{"count":5,"ms":28,"max":6},"host.configurationLedger":{"count":4,"ms":0,"max":0},"product.configurationRPC":{"count":7,"ms":475,"max":70},"host.configurationAllowed":{"count":3,"ms":499,"max":217},"host.initializeOwnedConfiguration":{"count":1,"ms":220,"max":220},"host.open":{"count":1,"ms":247,"max":247},"host.seal":{"count":1,"ms":0,"max":0},"host.piConfiguration":{"count":1,"ms":0,"max":0},"host.configureOwned":{"count":1,"ms":68,"max":68},"host.yield":{"count":1,"ms":5,"max":5}}}

[90mstdout[2m | ../../plans/evidence/artifacts/007/configuration-timing-followup/timing.worker.test.ts[2m > [22m[2mowned configuration rejects archived after actual D1 revocation with unchanged Pi state
[22m[39m[007-product-timing] {"selection":true,"credentialMs":18,"policyMs":5}

[90mstdout[2m | ../../plans/evidence/artifacts/007/configuration-timing-followup/timing.worker.test.ts[2m > [22m[2mowned configuration rejects archived after actual D1 revocation with unchanged Pi state
[22m[39m[007-product-timing] {"selection":true,"credentialMs":20,"policyMs":5}

[90mstdout[2m | ../../plans/evidence/artifacts/007/configuration-timing-followup/timing.worker.test.ts[2m > [22m[2mowned configuration rejects archived after actual D1 revocation with unchanged Pi state
[22m[39m[007-product-timing] {"selection":true,"credentialMs":21,"policyMs":6}

[90mstdout[2m | ../../plans/evidence/artifacts/007/configuration-timing-followup/timing.worker.test.ts[2m > [22m[2mowned configuration rejects archived after actual D1 revocation with unchanged Pi state
[22m[39m[007-product-timing] {"selection":false,"credentialMs":18,"policyMs":6}

[90mstdout[2m | ../../plans/evidence/artifacts/007/configuration-timing-followup/timing.worker.test.ts[2m > [22m[2mowned configuration rejects archived after actual D1 revocation with unchanged Pi state
[22m[39m[007-product-timing] {"selection":false,"credentialMs":24,"policyMs":6}

[90mstdout[2m | ../../plans/evidence/artifacts/007/configuration-timing-followup/timing.worker.test.ts[2m > [22m[2mowned configuration rejects archived after actual D1 revocation with unchanged Pi state
[22m[39m[007-product-timing] {"selection":false,"credentialMs":18,"policyMs":6}

[90mstdout[2m | ../../plans/evidence/artifacts/007/configuration-timing-followup/timing.worker.test.ts[2m > [22m[2mowned configuration rejects archived after actual D1 revocation with unchanged Pi state
[22m[39m[007-product-timing] {"selection":false,"credentialMs":18,"policyMs":5}

[90mstdout[2m | ../../plans/evidence/artifacts/007/configuration-timing-followup/timing.worker.test.ts[2m > [22m[2mowned configuration rejects archived after actual D1 revocation with unchanged Pi state
[22m[39m[007-timing] {"test":"owned configuration rejects archived after actual D1 revocation with unchanged Pi state","totalMs":1290,"measured":{"fixture.setup":{"count":1,"ms":698,"max":698},"host.durable":{"count":5,"ms":13,"max":9},"local.productD1":{"count":12,"ms":65,"max":6},"local.authority":{"count":5,"ms":26,"max":6},"host.configurationLedger":{"count":4,"ms":0,"max":0},"product.configurationRPC":{"count":7,"ms":480,"max":74},"host.configurationAllowed":{"count":3,"ms":501,"max":219},"host.initializeOwnedConfiguration":{"count":1,"ms":222,"max":222},"host.open":{"count":1,"ms":243,"max":243},"host.seal":{"count":1,"ms":0,"max":0},"host.piConfiguration":{"count":1,"ms":0,"max":0},"host.configureOwned":{"count":1,"ms":66,"max":66},"host.yield":{"count":1,"ms":5,"max":5}}}

[90mstdout[2m | ../../plans/evidence/artifacts/007/configuration-timing-followup/timing.worker.test.ts[2m > [22m[2mowned configuration rejects deleting after actual D1 revocation with unchanged Pi state
[22m[39m[007-product-timing] {"selection":true,"credentialMs":20,"policyMs":5}

[90mstdout[2m | ../../plans/evidence/artifacts/007/configuration-timing-followup/timing.worker.test.ts[2m > [22m[2mowned configuration rejects deleting after actual D1 revocation with unchanged Pi state
[22m[39m[007-product-timing] {"selection":true,"credentialMs":21,"policyMs":7}

[90mstdout[2m | ../../plans/evidence/artifacts/007/configuration-timing-followup/timing.worker.test.ts[2m > [22m[2mowned configuration rejects deleting after actual D1 revocation with unchanged Pi state
[22m[39m[007-product-timing] {"selection":true,"credentialMs":19,"policyMs":5}

[90mstdout[2m | ../../plans/evidence/artifacts/007/configuration-timing-followup/timing.worker.test.ts[2m > [22m[2mowned configuration rejects deleting after actual D1 revocation with unchanged Pi state
[22m[39m[007-product-timing] {"selection":false,"credentialMs":18,"policyMs":5}

[90mstdout[2m | ../../plans/evidence/artifacts/007/configuration-timing-followup/timing.worker.test.ts[2m > [22m[2mowned configuration rejects deleting after actual D1 revocation with unchanged Pi state
[22m[39m[007-product-timing] {"selection":false,"credentialMs":21,"policyMs":6}

[90mstdout[2m | ../../plans/evidence/artifacts/007/configuration-timing-followup/timing.worker.test.ts[2m > [22m[2mowned configuration rejects deleting after actual D1 revocation with unchanged Pi state
[22m[39m[007-product-timing] {"selection":false,"credentialMs":19,"policyMs":5}

[90mstdout[2m | ../../plans/evidence/artifacts/007/configuration-timing-followup/timing.worker.test.ts[2m > [22m[2mowned configuration rejects deleting after actual D1 revocation with unchanged Pi state
[22m[39m[007-product-timing] {"selection":false,"credentialMs":20,"policyMs":5}

[90mstdout[2m | ../../plans/evidence/artifacts/007/configuration-timing-followup/timing.worker.test.ts[2m > [22m[2mowned configuration rejects deleting after actual D1 revocation with unchanged Pi state
[22m[39m[007-timing] {"test":"owned configuration rejects deleting after actual D1 revocation with unchanged Pi state","totalMs":1377,"measured":{"fixture.setup":{"count":1,"ms":751,"max":751},"host.durable":{"count":5,"ms":14,"max":10},"local.productD1":{"count":12,"ms":68,"max":8},"local.authority":{"count":5,"ms":30,"max":8},"host.configurationLedger":{"count":4,"ms":0,"max":0},"product.configurationRPC":{"count":7,"ms":504,"max":76},"host.configurationAllowed":{"count":3,"ms":530,"max":233},"host.initializeOwnedConfiguration":{"count":1,"ms":238,"max":238},"host.open":{"count":1,"ms":261,"max":261},"host.seal":{"count":1,"ms":0,"max":0},"host.piConfiguration":{"count":1,"ms":0,"max":0},"host.configureOwned":{"count":1,"ms":72,"max":72},"host.yield":{"count":1,"ms":5,"max":5}}}

[90mstdout[2m | ../../plans/evidence/artifacts/007/configuration-timing-followup/timing.worker.test.ts[2m > [22m[2mowned configuration rejects owner-version after actual D1 revocation with unchanged Pi state
[22m[39m[007-product-timing] {"selection":true,"credentialMs":20,"policyMs":5}

[90mstdout[2m | ../../plans/evidence/artifacts/007/configuration-timing-followup/timing.worker.test.ts[2m > [22m[2mowned configuration rejects owner-version after actual D1 revocation with unchanged Pi state
[22m[39m[007-product-timing] {"selection":true,"credentialMs":19,"policyMs":6}

[90mstdout[2m | ../../plans/evidence/artifacts/007/configuration-timing-followup/timing.worker.test.ts[2m > [22m[2mowned configuration rejects owner-version after actual D1 revocation with unchanged Pi state
[22m[39m[007-product-timing] {"selection":true,"credentialMs":18,"policyMs":5}

[90mstdout[2m | ../../plans/evidence/artifacts/007/configuration-timing-followup/timing.worker.test.ts[2m > [22m[2mowned configuration rejects owner-version after actual D1 revocation with unchanged Pi state
[22m[39m[007-product-timing] {"selection":false,"credentialMs":18,"policyMs":5}

[90mstdout[2m | ../../plans/evidence/artifacts/007/configuration-timing-followup/timing.worker.test.ts[2m > [22m[2mowned configuration rejects owner-version after actual D1 revocation with unchanged Pi state
[22m[39m[007-product-timing] {"selection":false,"credentialMs":19,"policyMs":6}

[90mstdout[2m | ../../plans/evidence/artifacts/007/configuration-timing-followup/timing.worker.test.ts[2m > [22m[2mowned configuration rejects owner-version after actual D1 revocation with unchanged Pi state
[22m[39m[007-product-timing] {"selection":false,"credentialMs":21,"policyMs":5}

[90mstdout[2m | ../../plans/evidence/artifacts/007/configuration-timing-followup/timing.worker.test.ts[2m > [22m[2mowned configuration rejects owner-version after actual D1 revocation with unchanged Pi state
[22m[39m[007-product-timing] {"selection":false,"credentialMs":20,"policyMs":6}

[90mstdout[2m | ../../plans/evidence/artifacts/007/configuration-timing-followup/timing.worker.test.ts[2m > [22m[2mowned configuration rejects owner-version after actual D1 revocation with unchanged Pi state
[22m[39m[007-timing] {"test":"owned configuration rejects owner-version after actual D1 revocation with unchanged Pi state","totalMs":1310,"measured":{"fixture.setup":{"count":1,"ms":683,"max":683},"host.durable":{"count":5,"ms":17,"max":10},"local.productD1":{"count":12,"ms":66,"max":7},"local.authority":{"count":5,"ms":28,"max":7},"host.configurationLedger":{"count":4,"ms":0,"max":0},"product.configurationRPC":{"count":7,"ms":501,"max":73},"host.configurationAllowed":{"count":3,"ms":524,"max":228},"host.initializeOwnedConfiguration":{"count":1,"ms":235,"max":235},"host.open":{"count":1,"ms":258,"max":258},"host.seal":{"count":1,"ms":0,"max":0},"host.piConfiguration":{"count":1,"ms":0,"max":0},"host.configureOwned":{"count":1,"ms":73,"max":73},"host.yield":{"count":1,"ms":5,"max":5}}}

[90mstdout[2m | ../../plans/evidence/artifacts/007/configuration-timing-followup/timing.worker.test.ts[2m > [22m[2mowned configuration rejects stale-identity after actual D1 revocation with unchanged Pi state
[22m[39m[007-product-timing] {"selection":true,"credentialMs":19,"policyMs":6}

[90mstdout[2m | ../../plans/evidence/artifacts/007/configuration-timing-followup/timing.worker.test.ts[2m > [22m[2mowned configuration rejects stale-identity after actual D1 revocation with unchanged Pi state
[22m[39m[007-product-timing] {"selection":true,"credentialMs":18,"policyMs":5}

[90mstdout[2m | ../../plans/evidence/artifacts/007/configuration-timing-followup/timing.worker.test.ts[2m > [22m[2mowned configuration rejects stale-identity after actual D1 revocation with unchanged Pi state
[22m[39m[007-product-timing] {"selection":true,"credentialMs":18,"policyMs":6}

[90mstdout[2m | ../../plans/evidence/artifacts/007/configuration-timing-followup/timing.worker.test.ts[2m > [22m[2mowned configuration rejects stale-identity after actual D1 revocation with unchanged Pi state
[22m[39m[007-product-timing] {"selection":false,"credentialMs":19,"policyMs":5}

[90mstdout[2m | ../../plans/evidence/artifacts/007/configuration-timing-followup/timing.worker.test.ts[2m > [22m[2mowned configuration rejects stale-identity after actual D1 revocation with unchanged Pi state
[22m[39m[007-product-timing] {"selection":false,"credentialMs":19,"policyMs":6}

[90mstdout[2m | ../../plans/evidence/artifacts/007/configuration-timing-followup/timing.worker.test.ts[2m > [22m[2mowned configuration rejects stale-identity after actual D1 revocation with unchanged Pi state
[22m[39m[007-product-timing] {"selection":false,"credentialMs":19,"policyMs":6}

[90mstdout[2m | ../../plans/evidence/artifacts/007/configuration-timing-followup/timing.worker.test.ts[2m > [22m[2mowned configuration rejects stale-identity after actual D1 revocation with unchanged Pi state
[22m[39m[007-product-timing] {"selection":false,"credentialMs":20,"policyMs":6}

[90mstdout[2m | ../../plans/evidence/artifacts/007/configuration-timing-followup/timing.worker.test.ts[2m > [22m[2mowned configuration rejects stale-identity after actual D1 revocation with unchanged Pi state
[22m[39m[007-timing] {"test":"owned configuration rejects stale-identity after actual D1 revocation with unchanged Pi state","totalMs":1315,"measured":{"fixture.setup":{"count":1,"ms":687,"max":687},"host.durable":{"count":5,"ms":14,"max":9},"local.productD1":{"count":12,"ms":68,"max":6},"local.authority":{"count":5,"ms":28,"max":6},"host.configurationLedger":{"count":4,"ms":0,"max":0},"product.configurationRPC":{"count":7,"ms":511,"max":75},"host.configurationAllowed":{"count":3,"ms":533,"max":233},"host.initializeOwnedConfiguration":{"count":1,"ms":231,"max":231},"host.open":{"count":1,"ms":254,"max":254},"host.seal":{"count":1,"ms":0,"max":0},"host.piConfiguration":{"count":1,"ms":0,"max":0},"host.configureOwned":{"count":1,"ms":75,"max":75},"host.yield":{"count":1,"ms":6,"max":6}}}

[90mstdout[2m | ../../plans/evidence/artifacts/007/configuration-timing-followup/timing.worker.test.ts[2m > [22m[2mowned configuration rejects wrong-role after actual D1 revocation with unchanged Pi state
[22m[39m[007-product-timing] {"selection":true,"credentialMs":20,"policyMs":5}

[90mstdout[2m | ../../plans/evidence/artifacts/007/configuration-timing-followup/timing.worker.test.ts[2m > [22m[2mowned configuration rejects wrong-role after actual D1 revocation with unchanged Pi state
[22m[39m[007-product-timing] {"selection":true,"credentialMs":18,"policyMs":6}

[90mstdout[2m | ../../plans/evidence/artifacts/007/configuration-timing-followup/timing.worker.test.ts[2m > [22m[2mowned configuration rejects wrong-role after actual D1 revocation with unchanged Pi state
[22m[39m[007-product-timing] {"selection":true,"credentialMs":18,"policyMs":6}

[90mstdout[2m | ../../plans/evidence/artifacts/007/configuration-timing-followup/timing.worker.test.ts[2m > [22m[2mowned configuration rejects wrong-role after actual D1 revocation with unchanged Pi state
[22m[39m[007-product-timing] {"selection":false,"credentialMs":19,"policyMs":6}

[90mstdout[2m | ../../plans/evidence/artifacts/007/configuration-timing-followup/timing.worker.test.ts[2m > [22m[2mowned configuration rejects wrong-role after actual D1 revocation with unchanged Pi state
[22m[39m[007-product-timing] {"selection":false,"credentialMs":20,"policyMs":6}

[90mstdout[2m | ../../plans/evidence/artifacts/007/configuration-timing-followup/timing.worker.test.ts[2m > [22m[2mowned configuration rejects wrong-role after actual D1 revocation with unchanged Pi state
[22m[39m[007-product-timing] {"selection":false,"credentialMs":21,"policyMs":5}

[90mstdout[2m | ../../plans/evidence/artifacts/007/configuration-timing-followup/timing.worker.test.ts[2m > [22m[2mowned configuration rejects wrong-role after actual D1 revocation with unchanged Pi state
[22m[39m[007-product-timing] {"selection":false,"credentialMs":18,"policyMs":5}

[90mstdout[2m | ../../plans/evidence/artifacts/007/configuration-timing-followup/timing.worker.test.ts[2m > [22m[2mowned configuration rejects wrong-role after actual D1 revocation with unchanged Pi state
[22m[39m[007-timing] {"test":"owned configuration rejects wrong-role after actual D1 revocation with unchanged Pi state","totalMs":1366,"measured":{"fixture.setup":{"count":1,"ms":717,"max":717},"host.durable":{"count":5,"ms":16,"max":10},"local.productD1":{"count":12,"ms":70,"max":8},"local.authority":{"count":5,"ms":31,"max":8},"host.configurationLedger":{"count":4,"ms":0,"max":0},"product.configurationRPC":{"count":7,"ms":528,"max":80},"host.configurationAllowed":{"count":3,"ms":552,"max":243},"host.initializeOwnedConfiguration":{"count":1,"ms":244,"max":244},"host.open":{"count":1,"ms":268,"max":268},"host.seal":{"count":1,"ms":0,"max":0},"host.piConfiguration":{"count":1,"ms":0,"max":0},"host.configureOwned":{"count":1,"ms":73,"max":73},"host.yield":{"count":1,"ms":6,"max":6}}}

[90mstdout[2m | ../../plans/evidence/artifacts/007/configuration-timing-followup/timing.worker.test.ts[2m > [22m[2mowned configuration rejects retired after actual D1 revocation with unchanged Pi state
[22m[39m[007-product-timing] {"selection":true,"credentialMs":23,"policyMs":6}

[90mstdout[2m | ../../plans/evidence/artifacts/007/configuration-timing-followup/timing.worker.test.ts[2m > [22m[2mowned configuration rejects retired after actual D1 revocation with unchanged Pi state
[22m[39m[007-product-timing] {"selection":true,"credentialMs":18,"policyMs":5}

[90mstdout[2m | ../../plans/evidence/artifacts/007/configuration-timing-followup/timing.worker.test.ts[2m > [22m[2mowned configuration rejects retired after actual D1 revocation with unchanged Pi state
[22m[39m[007-product-timing] {"selection":true,"credentialMs":20,"policyMs":5}

[90mstdout[2m | ../../plans/evidence/artifacts/007/configuration-timing-followup/timing.worker.test.ts[2m > [22m[2mowned configuration rejects retired after actual D1 revocation with unchanged Pi state
[22m[39m[007-product-timing] {"selection":false,"credentialMs":17,"policyMs":4}

[90mstdout[2m | ../../plans/evidence/artifacts/007/configuration-timing-followup/timing.worker.test.ts[2m > [22m[2mowned configuration rejects retired after actual D1 revocation with unchanged Pi state
[22m[39m[007-product-timing] {"selection":false,"credentialMs":19,"policyMs":5}

[90mstdout[2m | ../../plans/evidence/artifacts/007/configuration-timing-followup/timing.worker.test.ts[2m > [22m[2mowned configuration rejects retired after actual D1 revocation with unchanged Pi state
[22m[39m[007-product-timing] {"selection":false,"credentialMs":20,"policyMs":5}

[90mstdout[2m | ../../plans/evidence/artifacts/007/configuration-timing-followup/timing.worker.test.ts[2m > [22m[2mowned configuration rejects retired after actual D1 revocation with unchanged Pi state
[22m[39m[007-product-timing] {"selection":false,"credentialMs":20,"policyMs":5}

[90mstdout[2m | ../../plans/evidence/artifacts/007/configuration-timing-followup/timing.worker.test.ts[2m > [22m[2mowned configuration rejects retired after actual D1 revocation with unchanged Pi state
[22m[39m[007-timing] {"test":"owned configuration rejects retired after actual D1 revocation with unchanged Pi state","totalMs":1355,"measured":{"fixture.setup":{"count":1,"ms":709,"max":709},"host.durable":{"count":5,"ms":14,"max":9},"local.productD1":{"count":12,"ms":62,"max":6},"local.authority":{"count":5,"ms":27,"max":6},"host.configurationLedger":{"count":4,"ms":0,"max":0},"product.configurationRPC":{"count":7,"ms":529,"max":82},"host.configurationAllowed":{"count":3,"ms":551,"max":241},"host.initializeOwnedConfiguration":{"count":1,"ms":246,"max":246},"host.open":{"count":1,"ms":270,"max":270},"host.seal":{"count":1,"ms":0,"max":0},"host.piConfiguration":{"count":1,"ms":0,"max":0},"host.configureOwned":{"count":1,"ms":76,"max":76},"host.yield":{"count":1,"ms":5,"max":5}}}

[90mstdout[2m | ../../plans/evidence/artifacts/007/configuration-timing-followup/timing.worker.test.ts[2m > [22m[2mowned configuration rejects lifecycle after actual D1 revocation with unchanged Pi state
[22m[39m[007-product-timing] {"selection":true,"credentialMs":20,"policyMs":5}

[90mstdout[2m | ../../plans/evidence/artifacts/007/configuration-timing-followup/timing.worker.test.ts[2m > [22m[2mowned configuration rejects lifecycle after actual D1 revocation with unchanged Pi state
[22m[39m[007-product-timing] {"selection":true,"credentialMs":19,"policyMs":6}

[90mstdout[2m | ../../plans/evidence/artifacts/007/configuration-timing-followup/timing.worker.test.ts[2m > [22m[2mowned configuration rejects lifecycle after actual D1 revocation with unchanged Pi state
[22m[39m[007-product-timing] {"selection":true,"credentialMs":18,"policyMs":5}

[90mstdout[2m | ../../plans/evidence/artifacts/007/configuration-timing-followup/timing.worker.test.ts[2m > [22m[2mowned configuration rejects lifecycle after actual D1 revocation with unchanged Pi state
[22m[39m[007-product-timing] {"selection":false,"credentialMs":19,"policyMs":6}

[90mstdout[2m | ../../plans/evidence/artifacts/007/configuration-timing-followup/timing.worker.test.ts[2m > [22m[2mowned configuration rejects lifecycle after actual D1 revocation with unchanged Pi state
[22m[39m[007-product-timing] {"selection":false,"credentialMs":19,"policyMs":5}

[90mstdout[2m | ../../plans/evidence/artifacts/007/configuration-timing-followup/timing.worker.test.ts[2m > [22m[2mowned configuration rejects lifecycle after actual D1 revocation with unchanged Pi state
[22m[39m[007-product-timing] {"selection":false,"credentialMs":18,"policyMs":6}

[90mstdout[2m | ../../plans/evidence/artifacts/007/configuration-timing-followup/timing.worker.test.ts[2m > [22m[2mowned configuration rejects lifecycle after actual D1 revocation with unchanged Pi state
[22m[39m[007-product-timing] {"selection":false,"credentialMs":19,"policyMs":5}

[90mstdout[2m | ../../plans/evidence/artifacts/007/configuration-timing-followup/timing.worker.test.ts[2m > [22m[2mowned configuration rejects lifecycle after actual D1 revocation with unchanged Pi state
[22m[39m[007-timing] {"test":"owned configuration rejects lifecycle after actual D1 revocation with unchanged Pi state","totalMs":1381,"measured":{"fixture.setup":{"count":1,"ms":714,"max":714},"host.durable":{"count":5,"ms":14,"max":10},"local.productD1":{"count":12,"ms":66,"max":6},"local.authority":{"count":5,"ms":28,"max":6},"host.configurationLedger":{"count":4,"ms":1,"max":1},"product.configurationRPC":{"count":7,"ms":548,"max":81},"host.configurationAllowed":{"count":3,"ms":571,"max":245},"host.initializeOwnedConfiguration":{"count":1,"ms":251,"max":251},"host.open":{"count":1,"ms":275,"max":275},"host.seal":{"count":1,"ms":0,"max":0},"host.piConfiguration":{"count":1,"ms":0,"max":0},"host.configureOwned":{"count":1,"ms":81,"max":81},"host.yield":{"count":1,"ms":6,"max":6}}}

[90mstdout[2m | ../../plans/evidence/artifacts/007/configuration-timing-followup/timing.worker.test.ts[2m > [22m[2mowned configuration rejects revoked after actual D1 revocation with unchanged Pi state
[22m[39m[007-product-timing] {"selection":true,"credentialMs":18,"policyMs":6}

[90mstdout[2m | ../../plans/evidence/artifacts/007/configuration-timing-followup/timing.worker.test.ts[2m > [22m[2mowned configuration rejects revoked after actual D1 revocation with unchanged Pi state
[22m[39m[007-product-timing] {"selection":true,"credentialMs":22,"policyMs":11}

[90mstdout[2m | ../../plans/evidence/artifacts/007/configuration-timing-followup/timing.worker.test.ts[2m > [22m[2mowned configuration rejects revoked after actual D1 revocation with unchanged Pi state
[22m[39m[007-product-timing] {"selection":true,"credentialMs":20,"policyMs":5}

[90mstdout[2m | ../../plans/evidence/artifacts/007/configuration-timing-followup/timing.worker.test.ts[2m > [22m[2mowned configuration rejects revoked after actual D1 revocation with unchanged Pi state
[22m[39m[007-product-timing] {"selection":false,"credentialMs":20,"policyMs":6}

[90mstdout[2m | ../../plans/evidence/artifacts/007/configuration-timing-followup/timing.worker.test.ts[2m > [22m[2mowned configuration rejects revoked after actual D1 revocation with unchanged Pi state
[22m[39m[007-product-timing] {"selection":false,"credentialMs":21,"policyMs":6}

[90mstdout[2m | ../../plans/evidence/artifacts/007/configuration-timing-followup/timing.worker.test.ts[2m > [22m[2mowned configuration rejects revoked after actual D1 revocation with unchanged Pi state
[22m[39m[007-product-timing] {"selection":false,"credentialMs":20,"policyMs":5}

[90mstdout[2m | ../../plans/evidence/artifacts/007/configuration-timing-followup/timing.worker.test.ts[2m > [22m[2mowned configuration rejects revoked after actual D1 revocation with unchanged Pi state
[22m[39m[007-product-timing] {"selection":false,"credentialMs":9,"policyMs":6}

[90mstdout[2m | ../../plans/evidence/artifacts/007/configuration-timing-followup/timing.worker.test.ts[2m > [22m[2mowned configuration rejects revoked after actual D1 revocation with unchanged Pi state
[22m[39m[007-product-timing] {"selection":false,"credentialMs":9,"policyMs":5}

[90mstdout[2m | ../../plans/evidence/artifacts/007/configuration-timing-followup/timing.worker.test.ts[2m > [22m[2mowned configuration rejects revoked after actual D1 revocation with unchanged Pi state
[22m[39m[007-product-timing] {"selection":false,"credentialMs":8,"policyMs":6}

[90mstdout[2m | ../../plans/evidence/artifacts/007/configuration-timing-followup/timing.worker.test.ts[2m > [22m[2mowned configuration rejects revoked after actual D1 revocation with unchanged Pi state
[22m[39m[007-timing] {"test":"owned configuration rejects revoked after actual D1 revocation with unchanged Pi state","totalMs":1589,"measured":{"fixture.setup":{"count":1,"ms":682,"max":682},"host.durable":{"count":5,"ms":15,"max":10},"local.productD1":{"count":16,"ms":97,"max":11},"local.authority":{"count":7,"ms":41,"max":6},"host.configurationLedger":{"count":6,"ms":0,"max":0},"product.configurationRPC":{"count":10,"ms":772,"max":89},"host.configurationAllowed":{"count":4,"ms":808,"max":264},"host.initializeOwnedConfiguration":{"count":1,"ms":271,"max":271},"host.open":{"count":1,"ms":293,"max":293},"host.seal":{"count":2,"ms":0,"max":0},"host.piConfiguration":{"count":1,"ms":0,"max":0},"host.configurationIdentity":{"count":1,"ms":0,"max":0},"host.configureOwned":{"count":1,"ms":288,"max":288},"host.yield":{"count":1,"ms":5,"max":5}}}

[90mstdout[2m | ../../plans/evidence/artifacts/007/configuration-timing-followup/timing.worker.test.ts[2m > [22m[2mowned configuration rejects disconnected after actual D1 revocation with unchanged Pi state
[22m[39m[007-product-timing] {"selection":true,"credentialMs":18,"policyMs":6}

[90mstdout[2m | ../../plans/evidence/artifacts/007/configuration-timing-followup/timing.worker.test.ts[2m > [22m[2mowned configuration rejects disconnected after actual D1 revocation with unchanged Pi state
[22m[39m[007-product-timing] {"selection":true,"credentialMs":18,"policyMs":5}

[90mstdout[2m | ../../plans/evidence/artifacts/007/configuration-timing-followup/timing.worker.test.ts[2m > [22m[2mowned configuration rejects disconnected after actual D1 revocation with unchanged Pi state
[22m[39m[007-product-timing] {"selection":true,"credentialMs":18,"policyMs":6}

[90mstdout[2m | ../../plans/evidence/artifacts/007/configuration-timing-followup/timing.worker.test.ts[2m > [22m[2mowned configuration rejects disconnected after actual D1 revocation with unchanged Pi state
[22m[39m[007-product-timing] {"selection":false,"credentialMs":20,"policyMs":6}

[90mstdout[2m | ../../plans/evidence/artifacts/007/configuration-timing-followup/timing.worker.test.ts[2m > [22m[2mowned configuration rejects disconnected after actual D1 revocation with unchanged Pi state
[22m[39m[007-product-timing] {"selection":false,"credentialMs":21,"policyMs":6}

[90mstdout[2m | ../../plans/evidence/artifacts/007/configuration-timing-followup/timing.worker.test.ts[2m > [22m[2mowned configuration rejects disconnected after actual D1 revocation with unchanged Pi state
[22m[39m[007-product-timing] {"selection":false,"credentialMs":20,"policyMs":5}

[90mstdout[2m | ../../plans/evidence/artifacts/007/configuration-timing-followup/timing.worker.test.ts[2m > [22m[2mowned configuration rejects disconnected after actual D1 revocation with unchanged Pi state
[22m[39m[007-product-timing] {"selection":false,"credentialMs":19,"policyMs":5}

[90mstdout[2m | ../../plans/evidence/artifacts/007/configuration-timing-followup/timing.worker.test.ts[2m > [22m[2mowned configuration rejects disconnected after actual D1 revocation with unchanged Pi state
[22m[39m[007-product-timing] {"selection":false,"credentialMs":19,"policyMs":7}

[90mstdout[2m | ../../plans/evidence/artifacts/007/configuration-timing-followup/timing.worker.test.ts[2m > [22m[2mowned configuration rejects disconnected after actual D1 revocation with unchanged Pi state
[22m[39m[007-product-timing] {"selection":false,"credentialMs":22,"policyMs":6}

[90mstdout[2m | ../../plans/evidence/artifacts/007/configuration-timing-followup/timing.worker.test.ts[2m > [22m[2mowned configuration rejects disconnected after actual D1 revocation with unchanged Pi state
[22m[39m[007-product-timing] {"selection":true,"credentialMs":20,"policyMs":6}

[90mstdout[2m | ../../plans/evidence/artifacts/007/configuration-timing-followup/timing.worker.test.ts[2m > [22m[2mowned configuration rejects disconnected after actual D1 revocation with unchanged Pi state
[22m[39m[007-timing] {"test":"owned configuration rejects disconnected after actual D1 revocation with unchanged Pi state","totalMs":1643,"measured":{"fixture.setup":{"count":1,"ms":688,"max":688},"host.durable":{"count":5,"ms":14,"max":9},"local.productD1":{"count":17,"ms":96,"max":7},"local.authority":{"count":7,"ms":38,"max":6},"host.configurationLedger":{"count":6,"ms":0,"max":0},"product.configurationRPC":{"count":10,"ms":830,"max":86},"host.configurationAllowed":{"count":4,"ms":862,"max":266},"host.initializeOwnedConfiguration":{"count":1,"ms":257,"max":257},"host.open":{"count":1,"ms":279,"max":279},"host.seal":{"count":2,"ms":0,"max":0},"host.piConfiguration":{"count":1,"ms":0,"max":0},"host.configurationIdentity":{"count":1,"ms":0,"max":0},"host.configureOwned":{"count":1,"ms":351,"max":351},"host.yield":{"count":1,"ms":5,"max":5}}}

[90mstdout[2m | ../../plans/evidence/artifacts/007/configuration-timing-followup/timing.worker.test.ts[2m > [22m[2mowned configuration rejects connection-generation after actual D1 revocation with unchanged Pi state
[22m[39m[007-product-timing] {"selection":true,"credentialMs":17,"policyMs":6}

[90mstdout[2m | ../../plans/evidence/artifacts/007/configuration-timing-followup/timing.worker.test.ts[2m > [22m[2mowned configuration rejects connection-generation after actual D1 revocation with unchanged Pi state
[22m[39m[007-product-timing] {"selection":true,"credentialMs":20,"policyMs":7}

[90mstdout[2m | ../../plans/evidence/artifacts/007/configuration-timing-followup/timing.worker.test.ts[2m > [22m[2mowned configuration rejects connection-generation after actual D1 revocation with unchanged Pi state
[22m[39m[007-product-timing] {"selection":true,"credentialMs":21,"policyMs":6}

[90mstdout[2m | ../../plans/evidence/artifacts/007/configuration-timing-followup/timing.worker.test.ts[2m > [22m[2mowned configuration rejects connection-generation after actual D1 revocation with unchanged Pi state
[22m[39m[007-product-timing] {"selection":false,"credentialMs":18,"policyMs":5}

[90mstdout[2m | ../../plans/evidence/artifacts/007/configuration-timing-followup/timing.worker.test.ts[2m > [22m[2mowned configuration rejects connection-generation after actual D1 revocation with unchanged Pi state
[22m[39m[007-product-timing] {"selection":false,"credentialMs":19,"policyMs":5}

[90mstdout[2m | ../../plans/evidence/artifacts/007/configuration-timing-followup/timing.worker.test.ts[2m > [22m[2mowned configuration rejects connection-generation after actual D1 revocation with unchanged Pi state
[22m[39m[007-product-timing] {"selection":false,"credentialMs":17,"policyMs":5}

[90mstdout[2m | ../../plans/evidence/artifacts/007/configuration-timing-followup/timing.worker.test.ts[2m > [22m[2mowned configuration rejects connection-generation after actual D1 revocation with unchanged Pi state
[22m[39m[007-product-timing] {"selection":false,"credentialMs":10,"policyMs":7}

[90mstdout[2m | ../../plans/evidence/artifacts/007/configuration-timing-followup/timing.worker.test.ts[2m > [22m[2mowned configuration rejects connection-generation after actual D1 revocation with unchanged Pi state
[22m[39m[007-product-timing] {"selection":false,"credentialMs":10,"policyMs":5}

[90mstdout[2m | ../../plans/evidence/artifacts/007/configuration-timing-followup/timing.worker.test.ts[2m > [22m[2mowned configuration rejects connection-generation after actual D1 revocation with unchanged Pi state
[22m[39m[007-product-timing] {"selection":false,"credentialMs":9,"policyMs":6}

[90mstdout[2m | ../../plans/evidence/artifacts/007/configuration-timing-followup/timing.worker.test.ts[2m > [22m[2mowned configuration rejects connection-generation after actual D1 revocation with unchanged Pi state
[22m[39m[007-timing] {"test":"owned configuration rejects connection-generation after actual D1 revocation with unchanged Pi state","totalMs":1615,"measured":{"fixture.setup":{"count":1,"ms":689,"max":689},"host.durable":{"count":5,"ms":15,"max":9},"local.productD1":{"count":16,"ms":92,"max":7},"local.authority":{"count":7,"ms":41,"max":7},"host.configurationLedger":{"count":6,"ms":0,"max":0},"product.configurationRPC":{"count":10,"ms":800,"max":86},"host.configurationAllowed":{"count":4,"ms":835,"max":266},"host.initializeOwnedConfiguration":{"count":1,"ms":271,"max":271},"host.open":{"count":1,"ms":293,"max":293},"host.seal":{"count":2,"ms":0,"max":0},"host.piConfiguration":{"count":1,"ms":0,"max":0},"host.configurationIdentity":{"count":1,"ms":0,"max":0},"host.configureOwned":{"count":1,"ms":311,"max":311},"host.yield":{"count":1,"ms":5,"max":5}}}

[90mstdout[2m | ../../plans/evidence/artifacts/007/configuration-timing-followup/timing.worker.test.ts[2m > [22m[2mowned configuration rejects capability-revision after actual D1 revocation with unchanged Pi state
[22m[39m[007-product-timing] {"selection":true,"credentialMs":23,"policyMs":7}

[90mstdout[2m | ../../plans/evidence/artifacts/007/configuration-timing-followup/timing.worker.test.ts[2m > [22m[2mowned configuration rejects capability-revision after actual D1 revocation with unchanged Pi state
[22m[39m[007-product-timing] {"selection":true,"credentialMs":19,"policyMs":5}

[90mstdout[2m | ../../plans/evidence/artifacts/007/configuration-timing-followup/timing.worker.test.ts[2m > [22m[2mowned configuration rejects capability-revision after actual D1 revocation with unchanged Pi state
[22m[39m[007-product-timing] {"selection":true,"credentialMs":19,"policyMs":5}

[90mstdout[2m | ../../plans/evidence/artifacts/007/configuration-timing-followup/timing.worker.test.ts[2m > [22m[2mowned configuration rejects capability-revision after actual D1 revocation with unchanged Pi state
[22m[39m[007-product-timing] {"selection":false,"credentialMs":18,"policyMs":5}

[90mstdout[2m | ../../plans/evidence/artifacts/007/configuration-timing-followup/timing.worker.test.ts[2m > [22m[2mowned configuration rejects capability-revision after actual D1 revocation with unchanged Pi state
[22m[39m[007-product-timing] {"selection":false,"credentialMs":24,"policyMs":6}

[90mstdout[2m | ../../plans/evidence/artifacts/007/configuration-timing-followup/timing.worker.test.ts[2m > [22m[2mowned configuration rejects capability-revision after actual D1 revocation with unchanged Pi state
[22m[39m[007-product-timing] {"selection":false,"credentialMs":18,"policyMs":5}

[90mstdout[2m | ../../plans/evidence/artifacts/007/configuration-timing-followup/timing.worker.test.ts[2m > [22m[2mowned configuration rejects capability-revision after actual D1 revocation with unchanged Pi state
[22m[39m[007-product-timing] {"selection":false,"credentialMs":18,"policyMs":5}

[90mstdout[2m | ../../plans/evidence/artifacts/007/configuration-timing-followup/timing.worker.test.ts[2m > [22m[2mowned configuration rejects capability-revision after actual D1 revocation with unchanged Pi state
[22m[39m[007-product-timing] {"selection":false,"credentialMs":21,"policyMs":6}

[90mstdout[2m | ../../plans/evidence/artifacts/007/configuration-timing-followup/timing.worker.test.ts[2m > [22m[2mowned configuration rejects capability-revision after actual D1 revocation with unchanged Pi state
[22m[39m[007-product-timing] {"selection":false,"credentialMs":21,"policyMs":9}

[90mstdout[2m | ../../plans/evidence/artifacts/007/configuration-timing-followup/timing.worker.test.ts[2m > [22m[2mowned configuration rejects capability-revision after actual D1 revocation with unchanged Pi state
[22m[39m[007-product-timing] {"selection":true,"credentialMs":20,"policyMs":5}

[90mstdout[2m | ../../plans/evidence/artifacts/007/configuration-timing-followup/timing.worker.test.ts[2m > [22m[2mowned configuration rejects capability-revision after actual D1 revocation with unchanged Pi state
[22m[39m[007-timing] {"test":"owned configuration rejects capability-revision after actual D1 revocation with unchanged Pi state","totalMs":1759,"measured":{"fixture.setup":{"count":1,"ms":723,"max":723},"host.durable":{"count":5,"ms":14,"max":9},"local.productD1":{"count":17,"ms":100,"max":9},"local.authority":{"count":7,"ms":42,"max":8},"host.configurationLedger":{"count":6,"ms":0,"max":0},"product.configurationRPC":{"count":10,"ms":885,"max":94},"host.configurationAllowed":{"count":4,"ms":923,"max":282},"host.initializeOwnedConfiguration":{"count":1,"ms":283,"max":283},"host.open":{"count":1,"ms":306,"max":306},"host.seal":{"count":2,"ms":0,"max":0},"host.piConfiguration":{"count":1,"ms":0,"max":0},"host.configurationIdentity":{"count":1,"ms":0,"max":0},"host.configureOwned":{"count":1,"ms":371,"max":371},"host.yield":{"count":1,"ms":22,"max":22}}}

[90mstdout[2m | ../../plans/evidence/artifacts/007/configuration-timing-followup/timing.worker.test.ts[2m > [22m[2mowned selection denies unavailable without a request
[22m[39m[007-product-timing] {"selection":true,"credentialMs":20,"policyMs":6}

[90mstdout[2m | ../../plans/evidence/artifacts/007/configuration-timing-followup/timing.worker.test.ts[2m > [22m[2mowned selection denies unavailable without a request
[22m[39m[007-product-timing] {"selection":true,"credentialMs":20,"policyMs":5}

[90mstdout[2m | ../../plans/evidence/artifacts/007/configuration-timing-followup/timing.worker.test.ts[2m > [22m[2mowned selection denies unavailable without a request
[22m[39m[007-product-timing] {"selection":true,"credentialMs":20,"policyMs":6}

[90mstdout[2m | ../../plans/evidence/artifacts/007/configuration-timing-followup/timing.worker.test.ts[2m > [22m[2mowned selection denies unavailable without a request
[22m[39m[007-product-timing] {"selection":false,"credentialMs":20,"policyMs":7}

[90mstdout[2m | ../../plans/evidence/artifacts/007/configuration-timing-followup/timing.worker.test.ts[2m > [22m[2mowned selection denies unavailable without a request
[22m[39m[007-product-timing] {"selection":false,"credentialMs":19,"policyMs":6}

[90mstdout[2m | ../../plans/evidence/artifacts/007/configuration-timing-followup/timing.worker.test.ts[2m > [22m[2mowned selection denies unavailable without a request
[22m[39m[007-product-timing] {"selection":false,"credentialMs":19,"policyMs":7}

[90mstdout[2m | ../../plans/evidence/artifacts/007/configuration-timing-followup/timing.worker.test.ts[2m > [22m[2mowned selection denies unavailable without a request
[22m[39m[007-product-timing] {"selection":true,"credentialMs":20,"policyMs":5}

[90mstdout[2m | ../../plans/evidence/artifacts/007/configuration-timing-followup/timing.worker.test.ts[2m > [22m[2mowned selection denies unavailable without a request
[22m[39m[007-timing] {"test":"owned selection denies unavailable without a request","totalMs":1447,"measured":{"fixture.setup":{"count":1,"ms":694,"max":694},"host.durable":{"count":5,"ms":16,"max":10},"local.productD1":{"count":12,"ms":74,"max":7},"local.authority":{"count":5,"ms":32,"max":7},"host.configurationLedger":{"count":4,"ms":0,"max":0},"product.configurationRPC":{"count":7,"ms":634,"max":93},"host.configurationAllowed":{"count":3,"ms":660,"max":287},"host.initializeOwnedConfiguration":{"count":1,"ms":289,"max":289},"host.open":{"count":1,"ms":313,"max":313},"host.seal":{"count":2,"ms":0,"max":0},"host.configurationIdentity":{"count":1,"ms":0,"max":0},"host.configureOwned":{"count":1,"ms":378,"max":378},"host.yield":{"count":1,"ms":5,"max":5}}}

[90mstdout[2m | ../../plans/evidence/artifacts/007/configuration-timing-followup/timing.worker.test.ts[2m > [22m[2mowned selection denies revoked without a request
[22m[39m[007-product-timing] {"selection":true,"credentialMs":19,"policyMs":5}

[90mstdout[2m | ../../plans/evidence/artifacts/007/configuration-timing-followup/timing.worker.test.ts[2m > [22m[2mowned selection denies revoked without a request
[22m[39m[007-product-timing] {"selection":true,"credentialMs":21,"policyMs":5}

[90mstdout[2m | ../../plans/evidence/artifacts/007/configuration-timing-followup/timing.worker.test.ts[2m > [22m[2mowned selection denies revoked without a request
[22m[39m[007-product-timing] {"selection":true,"credentialMs":19,"policyMs":6}

[90mstdout[2m | ../../plans/evidence/artifacts/007/configuration-timing-followup/timing.worker.test.ts[2m > [22m[2mowned selection denies revoked without a request
[22m[39m[007-product-timing] {"selection":false,"credentialMs":18,"policyMs":6}

[90mstdout[2m | ../../plans/evidence/artifacts/007/configuration-timing-followup/timing.worker.test.ts[2m > [22m[2mowned selection denies revoked without a request
[22m[39m[007-product-timing] {"selection":false,"credentialMs":22,"policyMs":6}

[90mstdout[2m | ../../plans/evidence/artifacts/007/configuration-timing-followup/timing.worker.test.ts[2m > [22m[2mowned selection denies revoked without a request
[22m[39m[007-product-timing] {"selection":false,"credentialMs":20,"policyMs":6}

[90mstdout[2m | ../../plans/evidence/artifacts/007/configuration-timing-followup/timing.worker.test.ts[2m > [22m[2mowned selection denies revoked without a request
[22m[39m[007-product-timing] {"selection":true,"credentialMs":21,"policyMs":7}

[90mstdout[2m | ../../plans/evidence/artifacts/007/configuration-timing-followup/timing.worker.test.ts[2m > [22m[2mowned selection denies revoked without a request
[22m[39m[007-timing] {"test":"owned selection denies revoked without a request","totalMs":1457,"measured":{"fixture.setup":{"count":1,"ms":692,"max":692},"host.durable":{"count":5,"ms":14,"max":9},"local.productD1":{"count":12,"ms":68,"max":7},"local.authority":{"count":5,"ms":29,"max":7},"host.configurationLedger":{"count":4,"ms":0,"max":0},"product.configurationRPC":{"count":7,"ms":651,"max":97},"host.configurationAllowed":{"count":3,"ms":677,"max":293},"host.initializeOwnedConfiguration":{"count":1,"ms":295,"max":295},"host.open":{"count":1,"ms":316,"max":316},"host.seal":{"count":2,"ms":0,"max":0},"host.configurationIdentity":{"count":1,"ms":0,"max":0},"host.configureOwned":{"count":1,"ms":388,"max":388},"host.yield":{"count":1,"ms":7,"max":7}}}

[90mstdout[2m | ../../plans/evidence/artifacts/007/configuration-timing-followup/timing.worker.test.ts[2m > [22m[2mowned selection denies unsupported-model without a request
[22m[39m[007-product-timing] {"selection":true,"credentialMs":20,"policyMs":6}

[90mstdout[2m | ../../plans/evidence/artifacts/007/configuration-timing-followup/timing.worker.test.ts[2m > [22m[2mowned selection denies unsupported-model without a request
[22m[39m[007-product-timing] {"selection":true,"credentialMs":22,"policyMs":5}

[90mstdout[2m | ../../plans/evidence/artifacts/007/configuration-timing-followup/timing.worker.test.ts[2m > [22m[2mowned selection denies unsupported-model without a request
[22m[39m[007-product-timing] {"selection":true,"credentialMs":22,"policyMs":5}

[90mstdout[2m | ../../plans/evidence/artifacts/007/configuration-timing-followup/timing.worker.test.ts[2m > [22m[2mowned selection denies unsupported-model without a request
[22m[39m[007-product-timing] {"selection":false,"credentialMs":21,"policyMs":6}

[90mstdout[2m | ../../plans/evidence/artifacts/007/configuration-timing-followup/timing.worker.test.ts[2m > [22m[2mowned selection denies unsupported-model without a request
[22m[39m[007-product-timing] {"selection":false,"credentialMs":26,"policyMs":5}

[90mstdout[2m | ../../plans/evidence/artifacts/007/configuration-timing-followup/timing.worker.test.ts[2m > [22m[2mowned selection denies unsupported-model without a request
[22m[39m[007-product-timing] {"selection":false,"credentialMs":19,"policyMs":5}

[90mstdout[2m | ../../plans/evidence/artifacts/007/configuration-timing-followup/timing.worker.test.ts[2m > [22m[2mowned selection denies unsupported-model without a request
[22m[39m[007-product-timing] {"selection":true,"credentialMs":20,"policyMs":6}

[90mstdout[2m | ../../plans/evidence/artifacts/007/configuration-timing-followup/timing.worker.test.ts[2m > [22m[2mowned selection denies unsupported-model without a request
[22m[39m[007-timing] {"test":"owned selection denies unsupported-model without a request","totalMs":1497,"measured":{"fixture.setup":{"count":1,"ms":716,"max":716},"host.durable":{"count":5,"ms":15,"max":10},"local.productD1":{"count":12,"ms":66,"max":7},"local.authority":{"count":5,"ms":28,"max":7},"host.configurationLedger":{"count":4,"ms":0,"max":0},"product.configurationRPC":{"count":7,"ms":674,"max":101},"host.configurationAllowed":{"count":3,"ms":698,"max":303},"host.initializeOwnedConfiguration":{"count":1,"ms":308,"max":308},"host.open":{"count":1,"ms":330,"max":330},"host.seal":{"count":2,"ms":0,"max":0},"host.configurationIdentity":{"count":1,"ms":0,"max":0},"host.configureOwned":{"count":1,"ms":395,"max":395},"host.yield":{"count":1,"ms":5,"max":5}}}

[90mstdout[2m | ../../plans/evidence/artifacts/007/configuration-timing-followup/timing.worker.test.ts[2m > [22m[2mowned selection denies unsupported-thinking without a request
[22m[39m[007-product-timing] {"selection":true,"credentialMs":20,"policyMs":7}

[90mstdout[2m | ../../plans/evidence/artifacts/007/configuration-timing-followup/timing.worker.test.ts[2m > [22m[2mowned selection denies unsupported-thinking without a request
[22m[39m[007-product-timing] {"selection":true,"credentialMs":21,"policyMs":5}

[90mstdout[2m | ../../plans/evidence/artifacts/007/configuration-timing-followup/timing.worker.test.ts[2m > [22m[2mowned selection denies unsupported-thinking without a request
[22m[39m[007-product-timing] {"selection":true,"credentialMs":25,"policyMs":9}

[90mstdout[2m | ../../plans/evidence/artifacts/007/configuration-timing-followup/timing.worker.test.ts[2m > [22m[2mowned selection denies unsupported-thinking without a request
[22m[39m[007-product-timing] {"selection":false,"credentialMs":21,"policyMs":5}

[90mstdout[2m | ../../plans/evidence/artifacts/007/configuration-timing-followup/timing.worker.test.ts[2m > [22m[2mowned selection denies unsupported-thinking without a request
[22m[39m[007-product-timing] {"selection":false,"credentialMs":21,"policyMs":6}

[90mstdout[2m | ../../plans/evidence/artifacts/007/configuration-timing-followup/timing.worker.test.ts[2m > [22m[2mowned selection denies unsupported-thinking without a request
[22m[39m[007-product-timing] {"selection":false,"credentialMs":21,"policyMs":5}

[90mstdout[2m | ../../plans/evidence/artifacts/007/configuration-timing-followup/timing.worker.test.ts[2m > [22m[2mowned selection denies unsupported-thinking without a request
[22m[39m[007-product-timing] {"selection":true,"credentialMs":22,"policyMs":6}

[90mstdout[2m | ../../plans/evidence/artifacts/007/configuration-timing-followup/timing.worker.test.ts[2m > [22m[2mowned selection denies unsupported-thinking without a request
[22m[39m[007-timing] {"test":"owned selection denies unsupported-thinking without a request","totalMs":2187,"measured":{"fixture.setup":{"count":1,"ms":704,"max":704},"host.durable":{"count":5,"ms":15,"max":10},"local.productD1":{"count":12,"ms":72,"max":9},"local.authority":{"count":5,"ms":29,"max":7},"host.configurationLedger":{"count":4,"ms":0,"max":0},"product.configurationRPC":{"count":7,"ms":696,"max":104},"host.configurationAllowed":{"count":3,"ms":720,"max":310},"host.initializeOwnedConfiguration":{"count":1,"ms":316,"max":316},"host.open":{"count":1,"ms":339,"max":339},"host.seal":{"count":2,"ms":0,"max":0},"host.configurationIdentity":{"count":1,"ms":0,"max":0},"host.configureOwned":{"count":1,"ms":410,"max":410},"host.yield":{"count":1,"ms":6,"max":6}}}

[90mstdout[2m | ../../plans/evidence/artifacts/007/configuration-timing-followup/timing.worker.test.ts[2m > [22m[2mcaller fields cannot authenticate or select another owned scope
[22m[39m[007-product-timing] {"selection":true,"credentialMs":21,"policyMs":6}

[90mstdout[2m | ../../plans/evidence/artifacts/007/configuration-timing-followup/timing.worker.test.ts[2m > [22m[2mcaller fields cannot authenticate or select another owned scope
[22m[39m[007-product-timing] {"selection":true,"credentialMs":21,"policyMs":6}

[90mstdout[2m | ../../plans/evidence/artifacts/007/configuration-timing-followup/timing.worker.test.ts[2m > [22m[2mcaller fields cannot authenticate or select another owned scope
[22m[39m[007-product-timing] {"selection":true,"credentialMs":19,"policyMs":6}

[90mstdout[2m | ../../plans/evidence/artifacts/007/configuration-timing-followup/timing.worker.test.ts[2m > [22m[2mcaller fields cannot authenticate or select another owned scope
[22m[39m[007-product-timing] {"selection":true,"credentialMs":19,"policyMs":0}

[90mstdout[2m | ../../plans/evidence/artifacts/007/configuration-timing-followup/timing.worker.test.ts[2m > [22m[2mcaller fields cannot authenticate or select another owned scope
[22m[39m[007-timing] {"test":"caller fields cannot authenticate or select another owned scope","totalMs":1993,"measured":{"fixture.setup":{"count":1,"ms":1512,"max":1512},"host.durable":{"count":5,"ms":13,"max":9},"local.productD1":{"count":6,"ms":35,"max":6},"local.authority":{"count":3,"ms":17,"max":6},"host.configurationLedger":{"count":2,"ms":0,"max":0},"product.configurationRPC":{"count":3,"ms":296,"max":100},"host.configurationAllowed":{"count":4,"ms":308,"max":308},"host.initializeOwnedConfiguration":{"count":1,"ms":314,"max":314},"host.open":{"count":1,"ms":338,"max":338},"host.seal":{"count":1,"ms":0,"max":0},"host.configureOwned":{"count":4,"ms":0,"max":0},"host.yield":{"count":1,"ms":5,"max":5}}}

[90mstdout[2m | ../../plans/evidence/artifacts/007/configuration-timing-followup/timing.worker.test.ts[2m > [22m[2ma held actual D1 configuration authority result cannot survive capability revocation
[22m[39m[007-product-timing] {"selection":true,"credentialMs":21,"policyMs":6}

[90mstdout[2m | ../../plans/evidence/artifacts/007/configuration-timing-followup/timing.worker.test.ts[2m > [22m[2ma held actual D1 configuration authority result cannot survive capability revocation
[22m[39m[007-product-timing] {"selection":true,"credentialMs":20,"policyMs":5}

[90mstdout[2m | ../../plans/evidence/artifacts/007/configuration-timing-followup/timing.worker.test.ts[2m > [22m[2ma held actual D1 configuration authority result cannot survive capability revocation
[22m[39m[007-product-timing] {"selection":true,"credentialMs":36,"policyMs":6}

[90mstdout[2m | ../../plans/evidence/artifacts/007/configuration-timing-followup/timing.worker.test.ts[2m > [22m[2ma held actual D1 configuration authority result cannot survive capability revocation
[22m[39m[007-product-timing] {"selection":false,"credentialMs":21,"policyMs":5}

[90mstdout[2m | ../../plans/evidence/artifacts/007/configuration-timing-followup/timing.worker.test.ts[2m > [22m[2ma held actual D1 configuration authority result cannot survive capability revocation
[22m[39m[007-product-timing] {"selection":false,"credentialMs":22,"policyMs":6}

[90mstdout[2m | ../../plans/evidence/artifacts/007/configuration-timing-followup/timing.worker.test.ts[2m > [22m[2ma held actual D1 configuration authority result cannot survive capability revocation
[22m[39m[007-product-timing] {"selection":false,"credentialMs":27,"policyMs":6}

[90mstdout[2m | ../../plans/evidence/artifacts/007/configuration-timing-followup/timing.worker.test.ts[2m > [22m[2ma held actual D1 configuration authority result cannot survive capability revocation
[22m[39m[007-product-timing] {"selection":true,"credentialMs":19,"policyMs":6}

[90mstdout[2m | ../../plans/evidence/artifacts/007/configuration-timing-followup/timing.worker.test.ts[2m > [22m[2ma held actual D1 configuration authority result cannot survive capability revocation
[22m[39m[007-timing] {"test":"a held actual D1 configuration authority result cannot survive capability revocation","totalMs":1567,"measured":{"fixture.setup":{"count":1,"ms":691,"max":691},"host.durable":{"count":5,"ms":13,"max":9},"local.productD1":{"count":12,"ms":72,"max":8},"local.authority":{"count":5,"ms":32,"max":8},"host.configurationLedger":{"count":4,"ms":1,"max":1},"product.configurationRPC":{"count":7,"ms":764,"max":129},"host.configurationAllowed":{"count":3,"ms":792,"max":359},"host.initializeOwnedConfiguration":{"count":1,"ms":340,"max":340},"host.open":{"count":1,"ms":363,"max":363},"host.seal":{"count":2,"ms":0,"max":0},"host.configurationIdentity":{"count":1,"ms":0,"max":0},"host.configureOwned":{"count":1,"ms":459,"max":459},"host.yield":{"count":1,"ms":6,"max":6}}}

[90mstdout[2m | ../../plans/evidence/artifacts/007/configuration-timing-followup/timing.worker.test.ts[2m > [22m[2mowned configuration is reflected in an actual mandatory credential request
[22m[39m[007-product-timing] {"selection":true,"credentialMs":31,"policyMs":10}

[90mstdout[2m | ../../plans/evidence/artifacts/007/configuration-timing-followup/timing.worker.test.ts[2m > [22m[2mowned configuration is reflected in an actual mandatory credential request
[22m[39m[007-product-timing] {"selection":true,"credentialMs":36,"policyMs":7}

[90mstdout[2m | ../../plans/evidence/artifacts/007/configuration-timing-followup/timing.worker.test.ts[2m > [22m[2mowned configuration is reflected in an actual mandatory credential request
[22m[39m[007-product-timing] {"selection":true,"credentialMs":36,"policyMs":7}

[90mstdout[2m | ../../plans/evidence/artifacts/007/configuration-timing-followup/timing.worker.test.ts[2m > [22m[2mowned configuration is reflected in an actual mandatory credential request
[22m[39m[007-product-timing] {"selection":false,"credentialMs":50,"policyMs":9}

[90mstdout[2m | ../../plans/evidence/artifacts/007/configuration-timing-followup/timing.worker.test.ts[2m > [22m[2mowned configuration is reflected in an actual mandatory credential request
[22m[39m[007-product-timing] {"selection":false,"credentialMs":35,"policyMs":7}

[90mstdout[2m | ../../plans/evidence/artifacts/007/configuration-timing-followup/timing.worker.test.ts[2m > [22m[2mowned configuration is reflected in an actual mandatory credential request
[22m[39m[007-product-timing] {"selection":false,"credentialMs":45,"policyMs":6}

[90mstdout[2m | ../../plans/evidence/artifacts/007/configuration-timing-followup/timing.worker.test.ts[2m > [22m[2mowned configuration is reflected in an actual mandatory credential request
[22m[39m[007-product-timing] {"selection":true,"credentialMs":31,"policyMs":10}

[90mstdout[2m | ../../plans/evidence/artifacts/007/configuration-timing-followup/timing.worker.test.ts[2m > [22m[2mowned configuration is reflected in an actual mandatory credential request
[22m[39m[007-product-timing] {"selection":true,"credentialMs":18,"policyMs":5}

[90mstdout[2m | ../../plans/evidence/artifacts/007/configuration-timing-followup/timing.worker.test.ts[2m > [22m[2mowned configuration is reflected in an actual mandatory credential request
[22m[39m[007-product-timing] {"selection":true,"credentialMs":28,"policyMs":7}

[90mstdout[2m | ../../plans/evidence/artifacts/007/configuration-timing-followup/timing.worker.test.ts[2m > [22m[2mowned configuration is reflected in an actual mandatory credential request
[22m[39m[007-product-timing] {"selection":true,"credentialMs":44,"policyMs":18}

[90mstdout[2m | ../../plans/evidence/artifacts/007/configuration-timing-followup/timing.worker.test.ts[2m > [22m[2mowned configuration is reflected in an actual mandatory credential request
[22m[39m[007-product-timing] {"selection":true,"credentialMs":20,"policyMs":6}

[90mstdout[2m | ../../plans/evidence/artifacts/007/configuration-timing-followup/timing.worker.test.ts[2m > [22m[2mowned configuration is reflected in an actual mandatory credential request
[22m[39m[007-product-timing] {"selection":true,"credentialMs":19,"policyMs":5}

[90mstdout[2m | ../../plans/evidence/artifacts/007/configuration-timing-followup/timing.worker.test.ts[2m > [22m[2mowned configuration is reflected in an actual mandatory credential request
[22m[39m[007-timing] {"test":"owned configuration is reflected in an actual mandatory credential request","totalMs":3848,"measured":{"fixture.setup":{"count":1,"ms":1188,"max":1188},"host.durable":{"count":21,"ms":117,"max":21},"local.productD1":{"count":29,"ms":252,"max":19},"local.authority":{"count":17,"ms":155,"max":19},"host.configurationLedger":{"count":6,"ms":0,"max":0},"product.configurationRPC":{"count":12,"ms":1826,"max":205},"host.configurationAllowed":{"count":4,"ms":1926,"max":578},"host.initializeOwnedConfiguration":{"count":1,"ms":526,"max":526},"host.open":{"count":1,"ms":564,"max":564},"host.seal":{"count":9,"ms":0,"max":0},"host.configurationIdentity":{"count":3,"ms":1,"max":1},"host.configurationEvidence":{"count":2,"ms":0,"max":0},"pi.configure":{"count":1,"ms":5,"max":5},"host.piConfiguration":{"count":1,"ms":1,"max":1},"host.configureOwned":{"count":1,"ms":1430,"max":1430},"host.yield":{"count":1,"ms":10,"max":10}}}

[90mstdout[2m | ../../plans/evidence/artifacts/007/configuration-timing-followup/timing.worker.test.ts[2m > [22m[2ma valid first default grants no later request admission after capability revocation
[22m[39m[007-product-timing] {"selection":true,"credentialMs":19,"policyMs":7}

[90mstdout[2m | ../../plans/evidence/artifacts/007/configuration-timing-followup/timing.worker.test.ts[2m > [22m[2ma valid first default grants no later request admission after capability revocation
[22m[39m[007-product-timing] {"selection":true,"credentialMs":22,"policyMs":5}

[90mstdout[2m | ../../plans/evidence/artifacts/007/configuration-timing-followup/timing.worker.test.ts[2m > [22m[2ma valid first default grants no later request admission after capability revocation
[22m[39m[007-product-timing] {"selection":true,"credentialMs":20,"policyMs":6}

[90mstdout[2m | ../../plans/evidence/artifacts/007/configuration-timing-followup/timing.worker.test.ts[2m > [22m[2ma valid first default grants no later request admission after capability revocation
[22m[39m[007-product-timing] {"selection":false,"credentialMs":19,"policyMs":6}

[90mstdout[2m | ../../plans/evidence/artifacts/007/configuration-timing-followup/timing.worker.test.ts[2m > [22m[2ma valid first default grants no later request admission after capability revocation
[22m[39m[007-product-timing] {"selection":false,"credentialMs":23,"policyMs":7}

[90mstdout[2m | ../../plans/evidence/artifacts/007/configuration-timing-followup/timing.worker.test.ts[2m > [22m[2ma valid first default grants no later request admission after capability revocation
[22m[39m[007-product-timing] {"selection":false,"credentialMs":20,"policyMs":7}

[90mstdout[2m | ../../plans/evidence/artifacts/007/configuration-timing-followup/timing.worker.test.ts[2m > [22m[2ma valid first default grants no later request admission after capability revocation
[22m[39m[007-timing] {"test":"a valid first default grants no later request admission after capability revocation","totalMs":1776,"measured":{"fixture.setup":{"count":1,"ms":702,"max":702},"host.durable":{"count":14,"ms":77,"max":23},"local.productD1":{"count":17,"ms":99,"max":7},"local.authority":{"count":11,"ms":61,"max":7},"host.configurationLedger":{"count":4,"ms":1,"max":1},"product.configurationRPC":{"count":6,"ms":660,"max":125},"host.configurationAllowed":{"count":2,"ms":682,"max":349},"host.initializeOwnedConfiguration":{"count":1,"ms":356,"max":356},"host.open":{"count":1,"ms":379,"max":379},"host.seal":{"count":5,"ms":0,"max":0},"host.piConfiguration":{"count":1,"ms":0,"max":0},"host.yield":{"count":1,"ms":10,"max":10}}}

[90mstdout[2m | ../../plans/evidence/artifacts/007/configuration-timing-followup/timing.worker.test.ts[2m > [22m[2mfirst owned conversation validates defaults without prompt membership, valid
[22m[39m[007-product-timing] {"selection":true,"credentialMs":18,"policyMs":5}

[90mstdout[2m | ../../plans/evidence/artifacts/007/configuration-timing-followup/timing.worker.test.ts[2m > [22m[2mfirst owned conversation validates defaults without prompt membership, valid
[22m[39m[007-product-timing] {"selection":true,"credentialMs":21,"policyMs":6}

[90mstdout[2m | ../../plans/evidence/artifacts/007/configuration-timing-followup/timing.worker.test.ts[2m > [22m[2mfirst owned conversation validates defaults without prompt membership, valid
[22m[39m[007-product-timing] {"selection":true,"credentialMs":18,"policyMs":5}

[90mstdout[2m | ../../plans/evidence/artifacts/007/configuration-timing-followup/timing.worker.test.ts[2m > [22m[2mfirst owned conversation validates defaults without prompt membership, valid
[22m[39m[007-product-timing] {"selection":false,"credentialMs":25,"policyMs":5}

[90mstdout[2m | ../../plans/evidence/artifacts/007/configuration-timing-followup/timing.worker.test.ts[2m > [22m[2mfirst owned conversation validates defaults without prompt membership, valid
[22m[39m[007-product-timing] {"selection":false,"credentialMs":20,"policyMs":5}

[90mstdout[2m | ../../plans/evidence/artifacts/007/configuration-timing-followup/timing.worker.test.ts[2m > [22m[2mfirst owned conversation validates defaults without prompt membership, valid
[22m[39m[007-product-timing] {"selection":false,"credentialMs":21,"policyMs":5}

[90mstdout[2m | ../../plans/evidence/artifacts/007/configuration-timing-followup/timing.worker.test.ts[2m > [22m[2mfirst owned conversation validates defaults without prompt membership, valid
[22m[39m[007-timing] {"test":"first owned conversation validates defaults without prompt membership, valid","totalMs":1457,"measured":{"fixture.setup":{"count":1,"ms":695,"max":695},"host.durable":{"count":4,"ms":11,"max":11},"local.productD1":{"count":11,"ms":59,"max":7},"host.configurationLedger":{"count":4,"ms":0,"max":0},"host.configurationAllowed":{"count":2,"ms":675,"max":342},"host.initializeOwnedConfiguration":{"count":1,"ms":339,"max":339},"host.open":{"count":1,"ms":365,"max":365},"host.piConfiguration":{"count":1,"ms":0,"max":0},"host.yield":{"count":1,"ms":5,"max":5}}}

[90mstdout[2m | ../../plans/evidence/artifacts/007/configuration-timing-followup/timing.worker.test.ts[2m > [22m[2mfirst owned conversation validates defaults without prompt membership, unsupported-model
[22m[39m[007-product-timing] {"selection":true,"credentialMs":22,"policyMs":7}

[90mstdout[2m | ../../plans/evidence/artifacts/007/configuration-timing-followup/timing.worker.test.ts[2m > [22m[2mfirst owned conversation validates defaults without prompt membership, unsupported-model
[22m[39m[007-timing] {"test":"first owned conversation validates defaults without prompt membership, unsupported-model","totalMs":893,"measured":{"fixture.setup":{"count":1,"ms":700,"max":700},"host.durable":{"count":1,"ms":10,"max":10},"local.productD1":{"count":2,"ms":13,"max":7},"host.configurationLedger":{"count":1,"ms":0,"max":0},"host.configurationAllowed":{"count":1,"ms":113,"max":113},"host.initializeOwnedConfiguration":{"count":1,"ms":113,"max":113}}}

[90mstdout[2m | ../../plans/evidence/artifacts/007/configuration-timing-followup/timing.worker.test.ts[2m > [22m[2mfirst owned conversation validates defaults without prompt membership, unsupported-thinking
[22m[39m[007-product-timing] {"selection":true,"credentialMs":22,"policyMs":6}

[90mstdout[2m | ../../plans/evidence/artifacts/007/configuration-timing-followup/timing.worker.test.ts[2m > [22m[2mfirst owned conversation validates defaults without prompt membership, unsupported-thinking
[22m[39m[007-timing] {"test":"first owned conversation validates defaults without prompt membership, unsupported-thinking","totalMs":873,"measured":{"fixture.setup":{"count":1,"ms":684,"max":684},"host.durable":{"count":1,"ms":9,"max":9},"local.productD1":{"count":2,"ms":11,"max":6},"host.configurationLedger":{"count":1,"ms":0,"max":0},"host.configurationAllowed":{"count":1,"ms":111,"max":111},"host.initializeOwnedConfiguration":{"count":1,"ms":111,"max":111}}}

[90mstdout[2m | ../../plans/evidence/artifacts/007/configuration-timing-followup/timing.worker.test.ts[2m > [22m[2mfirst owned conversation validates defaults without prompt membership, unavailable
[22m[39m[007-product-timing] {"selection":true,"credentialMs":22,"policyMs":8}

[90mstdout[2m | ../../plans/evidence/artifacts/007/configuration-timing-followup/timing.worker.test.ts[2m > [22m[2mfirst owned conversation validates defaults without prompt membership, unavailable
[22m[39m[007-timing] {"test":"first owned conversation validates defaults without prompt membership, unavailable","totalMs":908,"measured":{"fixture.setup":{"count":1,"ms":714,"max":714},"host.durable":{"count":1,"ms":11,"max":11},"local.productD1":{"count":2,"ms":13,"max":8},"host.configurationLedger":{"count":1,"ms":0,"max":0},"host.configurationAllowed":{"count":1,"ms":113,"max":113},"host.initializeOwnedConfiguration":{"count":1,"ms":113,"max":113}}}

[90mstdout[2m | ../../plans/evidence/artifacts/007/configuration-timing-followup/timing.worker.test.ts[2m > [22m[2mfirst owned conversation validates defaults without prompt membership, revoked
[22m[39m[007-product-timing] {"selection":true,"credentialMs":19,"policyMs":5}

[90mstdout[2m | ../../plans/evidence/artifacts/007/configuration-timing-followup/timing.worker.test.ts[2m > [22m[2mfirst owned conversation validates defaults without prompt membership, revoked
[22m[39m[007-timing] {"test":"first owned conversation validates defaults without prompt membership, revoked","totalMs":932,"measured":{"fixture.setup":{"count":1,"ms":747,"max":747},"host.durable":{"count":1,"ms":10,"max":10},"local.productD1":{"count":2,"ms":12,"max":7},"host.configurationLedger":{"count":1,"ms":0,"max":0},"host.configurationAllowed":{"count":1,"ms":108,"max":108},"host.initializeOwnedConfiguration":{"count":1,"ms":108,"max":108}}}

[90mstdout[2m | ../../plans/evidence/artifacts/007/configuration-timing-followup/timing.worker.test.ts[2m > [22m[2mfirst owned conversation validates defaults without prompt membership, disconnected
[22m[39m[007-timing] {"test":"first owned conversation validates defaults without prompt membership, disconnected","totalMs":878,"measured":{"fixture.setup":{"count":1,"ms":706,"max":706},"host.durable":{"count":1,"ms":11,"max":11},"local.productD1":{"count":1,"ms":6,"max":6},"host.configurationLedger":{"count":1,"ms":0,"max":0},"host.configurationAllowed":{"count":1,"ms":94,"max":94},"host.initializeOwnedConfiguration":{"count":1,"ms":95,"max":95}}}

[90mstdout[2m | ../../plans/evidence/artifacts/007/configuration-timing-followup/timing.worker.test.ts[2m > [22m[2mfirst owned conversation validates defaults without prompt membership, local-current
[22m[39m[007-product-timing] {"selection":true,"credentialMs":20,"policyMs":5}

[90mstdout[2m | ../../plans/evidence/artifacts/007/configuration-timing-followup/timing.worker.test.ts[2m > [22m[2mfirst owned conversation validates defaults without prompt membership, local-current
[22m[39m[007-product-timing] {"selection":true,"credentialMs":18,"policyMs":5}

[90mstdout[2m | ../../plans/evidence/artifacts/007/configuration-timing-followup/timing.worker.test.ts[2m > [22m[2mfirst owned conversation validates defaults without prompt membership, local-current
[22m[39m[007-product-timing] {"selection":true,"credentialMs":22,"policyMs":6}

[90mstdout[2m | ../../plans/evidence/artifacts/007/configuration-timing-followup/timing.worker.test.ts[2m > [22m[2mfirst owned conversation validates defaults without prompt membership, local-current
[22m[39m[007-timing] {"test":"first owned conversation validates defaults without prompt membership, local-current","totalMs":1157,"measured":{"fixture.setup":{"count":1,"ms":741,"max":741},"host.durable":{"count":1,"ms":10,"max":10},"local.productD1":{"count":6,"ms":32,"max":6},"host.configurationLedger":{"count":2,"ms":0,"max":0},"host.configurationAllowed":{"count":1,"ms":342,"max":342},"host.initializeOwnedConfiguration":{"count":1,"ms":342,"max":342}}}

[90mstdout[2m | ../../plans/evidence/artifacts/007/configuration-timing-followup/timing.worker.test.ts[2m > [22m[2mfirst owned conversation validates defaults without prompt membership, local-executor
[22m[39m[007-product-timing] {"selection":true,"credentialMs":24,"policyMs":6}

[90mstdout[2m | ../../plans/evidence/artifacts/007/configuration-timing-followup/timing.worker.test.ts[2m > [22m[2mfirst owned conversation validates defaults without prompt membership, local-executor
[22m[39m[007-product-timing] {"selection":true,"credentialMs":21,"policyMs":5}

[90mstdout[2m | ../../plans/evidence/artifacts/007/configuration-timing-followup/timing.worker.test.ts[2m > [22m[2mfirst owned conversation validates defaults without prompt membership, local-executor
[22m[39m[007-product-timing] {"selection":true,"credentialMs":23,"policyMs":5}

[90mstdout[2m | ../../plans/evidence/artifacts/007/configuration-timing-followup/timing.worker.test.ts[2m > [22m[2mfirst owned conversation validates defaults without prompt membership, local-executor
[22m[39m[007-timing] {"test":"first owned conversation validates defaults without prompt membership, local-executor","totalMs":1123,"measured":{"fixture.setup":{"count":1,"ms":703,"max":703},"host.durable":{"count":1,"ms":9,"max":9},"local.productD1":{"count":6,"ms":32,"max":6},"host.configurationLedger":{"count":2,"ms":0,"max":0},"host.configurationAllowed":{"count":1,"ms":348,"max":348},"host.initializeOwnedConfiguration":{"count":1,"ms":349,"max":349}}}

[90mstdout[2m | ../../plans/evidence/artifacts/007/configuration-timing-followup/timing.worker.test.ts[2m > [22m[2mlocal credential disconnect denies configuration before its D1 projection catches up
[22m[39m[007-product-timing] {"selection":true,"credentialMs":22,"policyMs":7}

[90mstdout[2m | ../../plans/evidence/artifacts/007/configuration-timing-followup/timing.worker.test.ts[2m > [22m[2mlocal credential disconnect denies configuration before its D1 projection catches up
[22m[39m[007-product-timing] {"selection":true,"credentialMs":22,"policyMs":5}

[90mstdout[2m | ../../plans/evidence/artifacts/007/configuration-timing-followup/timing.worker.test.ts[2m > [22m[2mlocal credential disconnect denies configuration before its D1 projection catches up
[22m[39m[007-product-timing] {"selection":true,"credentialMs":21,"policyMs":6}

[90mstdout[2m | ../../plans/evidence/artifacts/007/configuration-timing-followup/timing.worker.test.ts[2m > [22m[2mlocal credential disconnect denies configuration before its D1 projection catches up
[22m[39m[007-product-timing] {"selection":false,"credentialMs":9,"policyMs":6}

[90mstdout[2m | ../../plans/evidence/artifacts/007/configuration-timing-followup/timing.worker.test.ts[2m > [22m[2mlocal credential disconnect denies configuration before its D1 projection catches up
[22m[39m[007-product-timing] {"selection":false,"credentialMs":9,"policyMs":6}

[90mstdout[2m | ../../plans/evidence/artifacts/007/configuration-timing-followup/timing.worker.test.ts[2m > [22m[2mlocal credential disconnect denies configuration before its D1 projection catches up
[22m[39m[007-product-timing] {"selection":false,"credentialMs":7,"policyMs":6}

[90mstdout[2m | ../../plans/evidence/artifacts/007/configuration-timing-followup/timing.worker.test.ts[2m > [22m[2mlocal credential disconnect denies configuration before its D1 projection catches up
[22m[39m[007-timing] {"test":"local credential disconnect denies configuration before its D1 projection catches up","totalMs":1559,"measured":{"fixture.setup":{"count":1,"ms":697,"max":697},"host.durable":{"count":5,"ms":14,"max":10},"local.productD1":{"count":11,"ms":65,"max":7},"local.authority":{"count":5,"ms":29,"max":7},"host.configurationLedger":{"count":4,"ms":0,"max":0},"product.configurationRPC":{"count":7,"ms":749,"max":116},"host.configurationAllowed":{"count":3,"ms":772,"max":356},"host.initializeOwnedConfiguration":{"count":1,"ms":362,"max":362},"host.open":{"count":1,"ms":384,"max":384},"host.seal":{"count":2,"ms":0,"max":0},"host.configurationIdentity":{"count":1,"ms":0,"max":0},"host.configureOwned":{"count":1,"ms":416,"max":416},"host.yield":{"count":1,"ms":6,"max":6}}}

[90mstdout[2m | ../../plans/evidence/artifacts/007/configuration-timing-followup/timing.worker.test.ts[2m > [22m[2mconfiguration in flight keeps the prepared request and changes the separately prepared summary
[22m[39m[007-product-timing] {"selection":true,"credentialMs":20,"policyMs":6}

[90mstdout[2m | ../../plans/evidence/artifacts/007/configuration-timing-followup/timing.worker.test.ts[2m > [22m[2mconfiguration in flight keeps the prepared request and changes the separately prepared summary
[22m[39m[007-product-timing] {"selection":true,"credentialMs":19,"policyMs":6}

[90mstdout[2m | ../../plans/evidence/artifacts/007/configuration-timing-followup/timing.worker.test.ts[2m > [22m[2mconfiguration in flight keeps the prepared request and changes the separately prepared summary
[22m[39m[007-product-timing] {"selection":true,"credentialMs":21,"policyMs":8}

[90mstdout[2m | ../../plans/evidence/artifacts/007/configuration-timing-followup/timing.worker.test.ts[2m > [22m[2mconfiguration in flight keeps the prepared request and changes the separately prepared summary
[22m[39m[007-product-timing] {"selection":false,"credentialMs":21,"policyMs":9}

[90mstdout[2m | ../../plans/evidence/artifacts/007/configuration-timing-followup/timing.worker.test.ts[2m > [22m[2mconfiguration in flight keeps the prepared request and changes the separately prepared summary
[22m[39m[007-product-timing] {"selection":false,"credentialMs":20,"policyMs":7}

[90mstdout[2m | ../../plans/evidence/artifacts/007/configuration-timing-followup/timing.worker.test.ts[2m > [22m[2mconfiguration in flight keeps the prepared request and changes the separately prepared summary
[22m[39m[007-product-timing] {"selection":false,"credentialMs":21,"policyMs":6}

[90mstdout[2m | ../../plans/evidence/artifacts/007/configuration-timing-followup/timing.worker.test.ts[2m > [22m[2mconfiguration in flight keeps the prepared request and changes the separately prepared summary
[22m[39m[007-product-timing] {"selection":true,"credentialMs":19,"policyMs":5}

[90mstdout[2m | ../../plans/evidence/artifacts/007/configuration-timing-followup/timing.worker.test.ts[2m > [22m[2mconfiguration in flight keeps the prepared request and changes the separately prepared summary
[22m[39m[007-product-timing] {"selection":true,"credentialMs":24,"policyMs":6}

[90mstdout[2m | ../../plans/evidence/artifacts/007/configuration-timing-followup/timing.worker.test.ts[2m > [22m[2mconfiguration in flight keeps the prepared request and changes the separately prepared summary
[22m[39m[007-product-timing] {"selection":true,"credentialMs":20,"policyMs":6}

[90mstdout[2m | ../../plans/evidence/artifacts/007/configuration-timing-followup/timing.worker.test.ts[2m > [22m[2mconfiguration in flight keeps the prepared request and changes the separately prepared summary
[22m[39m[007-product-timing] {"selection":true,"credentialMs":21,"policyMs":5}

[90mstdout[2m | ../../plans/evidence/artifacts/007/configuration-timing-followup/timing.worker.test.ts[2m > [22m[2mconfiguration in flight keeps the prepared request and changes the separately prepared summary
[22m[39m[007-product-timing] {"selection":true,"credentialMs":22,"policyMs":5}

[90mstdout[2m | ../../plans/evidence/artifacts/007/configuration-timing-followup/timing.worker.test.ts[2m > [22m[2mconfiguration in flight keeps the prepared request and changes the separately prepared summary
[22m[39m[007-product-timing] {"selection":true,"credentialMs":19,"policyMs":6}

[90mstdout[2m | ../../plans/evidence/artifacts/007/configuration-timing-followup/timing.worker.test.ts[2m > [22m[2mconfiguration in flight keeps the prepared request and changes the separately prepared summary
[22m[39m[007-product-timing] {"selection":false,"credentialMs":22,"policyMs":6}

[90mstdout[2m | ../../plans/evidence/artifacts/007/configuration-timing-followup/timing.worker.test.ts[2m > [22m[2mconfiguration in flight keeps the prepared request and changes the separately prepared summary
[22m[39m[007-product-timing] {"selection":false,"credentialMs":20,"policyMs":6}

[90mstdout[2m | ../../plans/evidence/artifacts/007/configuration-timing-followup/timing.worker.test.ts[2m > [22m[2mconfiguration in flight keeps the prepared request and changes the separately prepared summary
[22m[39m[007-product-timing] {"selection":false,"credentialMs":21,"policyMs":6}

[90mstdout[2m | ../../plans/evidence/artifacts/007/configuration-timing-followup/timing.worker.test.ts[2m > [22m[2mconfiguration in flight keeps the prepared request and changes the separately prepared summary
[22m[39m[007-configuration-preparation] {"requests":[{"model":"faux-1","thinking":"off","purpose":"generation"},{"model":"faux-2","thinking":"low","purpose":"custom_summary"}],"configuration":{"version":1,"projectId":"project","workspaceSessionId":"session","ownerVersion":1,"selection":{"model":"faux-2","thinking":"low"}},"snapshot":{"calls":2,"windows":[{"consumedRequests":1,"contractDenials":0,"closeReason":"complete","openSlot":"model/7fc15e36b1f4e89b6ae80b94334e10211f28b9cf8baf26a143e207aef7e7bfae"},{"consumedRequests":1,"contractDenials":0,"closeReason":"complete","openSlot":"model/b97f92fc342af5d53b005bf68250980292cfacf74089bbf37650943a4b1f7f6b"}],"admissions":[{"effectId":"pi.generation/8/d3a2034ebfcd7363f7c1345eb83828c176ce66919bcd050dfc5348269219cfe2/attempt/1","purpose":"generation","state":"complete","requestDigest":"48616251f62080b3cc13adc9f24f521ca2337810a7d8f68db7b6023778a5abf7"},{"effectId":"ditto-summary-1/10/attempt/1","purpose":"custom_summary","state":"complete","requestDigest":"69cd7cf0ceeeb211b9e82090d176ee2d32543e367facd9cdf01a838347fb5039"}],"claims":[{"claimed":1},{"claimed":1}],"runs":[{"state":"complete","epoch":2}]}}

[90mstdout[2m | ../../plans/evidence/artifacts/007/configuration-timing-followup/timing.worker.test.ts[2m > [22m[2mconfiguration in flight keeps the prepared request and changes the separately prepared summary
[22m[39m[007-timing] {"test":"configuration in flight keeps the prepared request and changes the separately prepared summary","totalMs":3872,"measured":{"fixture.setup":{"count":1,"ms":711,"max":711},"host.durable":{"count":29,"ms":144,"max":23},"local.productD1":{"count":40,"ms":238,"max":9},"local.authority":{"count":25,"ms":146,"max":7},"host.configurationLedger":{"count":8,"ms":0,"max":0},"product.configurationRPC":{"count":15,"ms":1783,"max":133},"host.configurationAllowed":{"count":5,"ms":1844,"max":396},"host.initializeOwnedConfiguration":{"count":1,"ms":367,"max":367},"host.open":{"count":1,"ms":390,"max":390},"host.seal":{"count":16,"ms":0,"max":0},"host.configurationIdentity":{"count":5,"ms":0,"max":0},"host.configurationEvidence":{"count":4,"ms":0,"max":0},"pi.configure":{"count":1,"ms":5,"max":5},"host.piConfiguration":{"count":2,"ms":0,"max":0},"host.configureOwned":{"count":1,"ms":1104,"max":1104},"host.yield":{"count":1,"ms":10,"max":10}}}

[90mstdout[2m | ../../plans/evidence/artifacts/007/configuration-timing-followup/timing.worker.test.ts[2m > [22m[2mheld host authority revocation rejects configuration without changing durable Pi state
[22m[39m[007-product-timing] {"selection":true,"credentialMs":20,"policyMs":6}

[90mstdout[2m | ../../plans/evidence/artifacts/007/configuration-timing-followup/timing.worker.test.ts[2m > [22m[2mheld host authority revocation rejects configuration without changing durable Pi state
[22m[39m[007-product-timing] {"selection":true,"credentialMs":20,"policyMs":6}

[90mstdout[2m | ../../plans/evidence/artifacts/007/configuration-timing-followup/timing.worker.test.ts[2m > [22m[2mheld host authority revocation rejects configuration without changing durable Pi state
[22m[39m[007-product-timing] {"selection":true,"credentialMs":20,"policyMs":6}

[90mstdout[2m | ../../plans/evidence/artifacts/007/configuration-timing-followup/timing.worker.test.ts[2m > [22m[2mheld host authority revocation rejects configuration without changing durable Pi state
[22m[39m[007-product-timing] {"selection":false,"credentialMs":20,"policyMs":5}

[90mstdout[2m | ../../plans/evidence/artifacts/007/configuration-timing-followup/timing.worker.test.ts[2m > [22m[2mheld host authority revocation rejects configuration without changing durable Pi state
[22m[39m[007-product-timing] {"selection":false,"credentialMs":21,"policyMs":6}

[90mstdout[2m | ../../plans/evidence/artifacts/007/configuration-timing-followup/timing.worker.test.ts[2m > [22m[2mheld host authority revocation rejects configuration without changing durable Pi state
[22m[39m[007-product-timing] {"selection":false,"credentialMs":21,"policyMs":6}

[90mstdout[2m | ../../plans/evidence/artifacts/007/configuration-timing-followup/timing.worker.test.ts[2m > [22m[2mheld host authority revocation rejects configuration without changing durable Pi state
[22m[39m[007-product-timing] {"selection":false,"credentialMs":20,"policyMs":5}

[90mstdout[2m | ../../plans/evidence/artifacts/007/configuration-timing-followup/timing.worker.test.ts[2m > [22m[2mheld host authority revocation rejects configuration without changing durable Pi state
[22m[39m[007-product-timing] {"selection":false,"credentialMs":22,"policyMs":5}

[90mstdout[2m | ../../plans/evidence/artifacts/007/configuration-timing-followup/timing.worker.test.ts[2m > [22m[2mheld host authority revocation rejects configuration without changing durable Pi state
[22m[39m[007-product-timing] {"selection":false,"credentialMs":21,"policyMs":7}

[90mstdout[2m | ../../plans/evidence/artifacts/007/configuration-timing-followup/timing.worker.test.ts[2m > [22m[2mheld host authority revocation rejects configuration without changing durable Pi state
[22m[39m[007-product-timing] {"selection":false,"credentialMs":21,"policyMs":5}

[90mstdout[2m | ../../plans/evidence/artifacts/007/configuration-timing-followup/timing.worker.test.ts[2m > [22m[2mheld host authority revocation rejects configuration without changing durable Pi state
[22m[39m[007-product-timing] {"selection":false,"credentialMs":21,"policyMs":6}

[90mstdout[2m | ../../plans/evidence/artifacts/007/configuration-timing-followup/timing.worker.test.ts[2m > [22m[2mheld host authority revocation rejects configuration without changing durable Pi state
[22m[39m[007-product-timing] {"selection":false,"credentialMs":22,"policyMs":5}

[90mstdout[2m | ../../plans/evidence/artifacts/007/configuration-timing-followup/timing.worker.test.ts[2m > [22m[2mheld host authority revocation rejects configuration without changing durable Pi state
[22m[39m[007-timing] {"test":"held host authority revocation rejects configuration without changing durable Pi state","totalMs":2310,"measured":{"fixture.setup":{"count":1,"ms":695,"max":695},"host.durable":{"count":5,"ms":15,"max":9},"local.productD1":{"count":21,"ms":119,"max":8},"local.authority":{"count":9,"ms":51,"max":8},"host.configurationLedger":{"count":7,"ms":0,"max":0},"product.configurationRPC":{"count":12,"ms":1488,"max":127},"host.configurationAllowed":{"count":4,"ms":1535,"max":388},"host.initializeOwnedConfiguration":{"count":1,"ms":384,"max":384},"host.open":{"count":1,"ms":405,"max":405},"host.seal":{"count":1,"ms":0,"max":0},"host.piConfiguration":{"count":2,"ms":1,"max":1},"host.configureOwned":{"count":1,"ms":388,"max":388},"host.yield":{"count":1,"ms":6,"max":6}}}

[90mstdout[2m | ../../plans/evidence/artifacts/007/configuration-timing-followup/timing.worker.test.ts[2m > [22m[2msame key with concurrent changed payload has one durable winner
[22m[39m[007-product-timing] {"selection":true,"credentialMs":20,"policyMs":6}

[90mstdout[2m | ../../plans/evidence/artifacts/007/configuration-timing-followup/timing.worker.test.ts[2m > [22m[2msame key with concurrent changed payload has one durable winner
[22m[39m[007-product-timing] {"selection":true,"credentialMs":19,"policyMs":6}

[90mstdout[2m | ../../plans/evidence/artifacts/007/configuration-timing-followup/timing.worker.test.ts[2m > [22m[2msame key with concurrent changed payload has one durable winner
[22m[39m[007-product-timing] {"selection":true,"credentialMs":22,"policyMs":6}

[90mstdout[2m | ../../plans/evidence/artifacts/007/configuration-timing-followup/timing.worker.test.ts[2m > [22m[2msame key with concurrent changed payload has one durable winner
[22m[39m[007-product-timing] {"selection":false,"credentialMs":21,"policyMs":6}

[90mstdout[2m | ../../plans/evidence/artifacts/007/configuration-timing-followup/timing.worker.test.ts[2m > [22m[2msame key with concurrent changed payload has one durable winner
[22m[39m[007-product-timing] {"selection":false,"credentialMs":19,"policyMs":6}

[90mstdout[2m | ../../plans/evidence/artifacts/007/configuration-timing-followup/timing.worker.test.ts[2m > [22m[2msame key with concurrent changed payload has one durable winner
[22m[39m[007-product-timing] {"selection":false,"credentialMs":21,"policyMs":6}

[90mstdout[2m | ../../plans/evidence/artifacts/007/configuration-timing-followup/timing.worker.test.ts[2m > [22m[2msame key with concurrent changed payload has one durable winner
[22m[39m[007-product-timing] {"selection":true,"credentialMs":19,"policyMs":5}

[90mstdout[2m | ../../plans/evidence/artifacts/007/configuration-timing-followup/timing.worker.test.ts[2m > [22m[2msame key with concurrent changed payload has one durable winner
[22m[39m[007-product-timing] {"selection":true,"credentialMs":22,"policyMs":6}

[90mstdout[2m | ../../plans/evidence/artifacts/007/configuration-timing-followup/timing.worker.test.ts[2m > [22m[2msame key with concurrent changed payload has one durable winner
[22m[39m[007-product-timing] {"selection":true,"credentialMs":21,"policyMs":6}

[90mstdout[2m | ../../plans/evidence/artifacts/007/configuration-timing-followup/timing.worker.test.ts[2m > [22m[2msame key with concurrent changed payload has one durable winner
[22m[39m[007-product-timing] {"selection":true,"credentialMs":21,"policyMs":6}

[90mstdout[2m | ../../plans/evidence/artifacts/007/configuration-timing-followup/timing.worker.test.ts[2m > [22m[2msame key with concurrent changed payload has one durable winner
[22m[39m[007-product-timing] {"selection":true,"credentialMs":20,"policyMs":5}

[90mstdout[2m | ../../plans/evidence/artifacts/007/configuration-timing-followup/timing.worker.test.ts[2m > [22m[2msame key with concurrent changed payload has one durable winner
[22m[39m[007-product-timing] {"selection":true,"credentialMs":20,"policyMs":6}

[90mstdout[2m | ../../plans/evidence/artifacts/007/configuration-timing-followup/timing.worker.test.ts[2m > [22m[2msame key with concurrent changed payload has one durable winner
[22m[39m[007-product-timing] {"selection":false,"credentialMs":22,"policyMs":6}

[90mstdout[2m | ../../plans/evidence/artifacts/007/configuration-timing-followup/timing.worker.test.ts[2m > [22m[2msame key with concurrent changed payload has one durable winner
[22m[39m[007-product-timing] {"selection":false,"credentialMs":21,"policyMs":5}

[90mstdout[2m | ../../plans/evidence/artifacts/007/configuration-timing-followup/timing.worker.test.ts[2m > [22m[2msame key with concurrent changed payload has one durable winner
[22m[39m[007-product-timing] {"selection":false,"credentialMs":21,"policyMs":6}

[90mstdout[2m | ../../plans/evidence/artifacts/007/configuration-timing-followup/timing.worker.test.ts[2m > [22m[2msame key with concurrent changed payload has one durable winner
[22m[39m[007-product-timing] {"selection":false,"credentialMs":26,"policyMs":6}

[90mstdout[2m | ../../plans/evidence/artifacts/007/configuration-timing-followup/timing.worker.test.ts[2m > [22m[2msame key with concurrent changed payload has one durable winner
[22m[39m[007-product-timing] {"selection":false,"credentialMs":20,"policyMs":6}

[90mstdout[2m | ../../plans/evidence/artifacts/007/configuration-timing-followup/timing.worker.test.ts[2m > [22m[2msame key with concurrent changed payload has one durable winner
[22m[39m[007-product-timing] {"selection":false,"credentialMs":21,"policyMs":6}

[90mstdout[2m | ../../plans/evidence/artifacts/007/configuration-timing-followup/timing.worker.test.ts[2m > [22m[2msame key with concurrent changed payload has one durable winner
[22m[39m[007-timing] {"test":"same key with concurrent changed payload has one durable winner","totalMs":3198,"measured":{"fixture.setup":{"count":1,"ms":682,"max":682},"host.durable":{"count":8,"ms":25,"max":11},"local.productD1":{"count":31,"ms":182,"max":9},"local.authority":{"count":13,"ms":78,"max":9},"host.configurationLedger":{"count":10,"ms":0,"max":0},"product.configurationRPC":{"count":18,"ms":2341,"max":149},"host.configurationAllowed":{"count":6,"ms":2411,"max":426},"host.initializeOwnedConfiguration":{"count":1,"ms":391,"max":391},"host.open":{"count":1,"ms":419,"max":419},"host.seal":{"count":3,"ms":0,"max":0},"host.configurationIdentity":{"count":8,"ms":1,"max":1},"host.configurationEvidence":{"count":6,"ms":0,"max":0},"pi.configure":{"count":1,"ms":5,"max":5},"host.piConfiguration":{"count":2,"ms":0,"max":0},"host.configureOwned":{"count":2,"ms":2820,"max":1623},"host.yield":{"count":1,"ms":5,"max":5}}}

[90mstdout[2m | ../../plans/evidence/artifacts/007/configuration-timing-followup/timing.worker.test.ts[2m > [22m[2mtwo actual owned sessions retain independent durable Pi selections
[22m[39m[007-product-timing] {"selection":true,"credentialMs":30,"policyMs":7}

[90mstdout[2m | ../../plans/evidence/artifacts/007/configuration-timing-followup/timing.worker.test.ts[2m > [22m[2mtwo actual owned sessions retain independent durable Pi selections
[22m[39m[007-product-timing] {"selection":true,"credentialMs":21,"policyMs":5}

[90mstdout[2m | ../../plans/evidence/artifacts/007/configuration-timing-followup/timing.worker.test.ts[2m > [22m[2mtwo actual owned sessions retain independent durable Pi selections
[22m[39m[007-product-timing] {"selection":true,"credentialMs":21,"policyMs":5}

[90mstdout[2m | ../../plans/evidence/artifacts/007/configuration-timing-followup/timing.worker.test.ts[2m > [22m[2mtwo actual owned sessions retain independent durable Pi selections
[22m[39m[007-product-timing] {"selection":false,"credentialMs":24,"policyMs":5}

[90mstdout[2m | ../../plans/evidence/artifacts/007/configuration-timing-followup/timing.worker.test.ts[2m > [22m[2mtwo actual owned sessions retain independent durable Pi selections
[22m[39m[007-product-timing] {"selection":false,"credentialMs":30,"policyMs":6}

[90mstdout[2m | ../../plans/evidence/artifacts/007/configuration-timing-followup/timing.worker.test.ts[2m > [22m[2mtwo actual owned sessions retain independent durable Pi selections
[22m[39m[007-product-timing] {"selection":false,"credentialMs":44,"policyMs":18}

[90mstdout[2m | ../../plans/evidence/artifacts/007/configuration-timing-followup/timing.worker.test.ts[2m > [22m[2mtwo actual owned sessions retain independent durable Pi selections
[22m[39m[007-product-timing] {"selection":true,"credentialMs":29,"policyMs":11}

[90mstdout[2m | ../../plans/evidence/artifacts/007/configuration-timing-followup/timing.worker.test.ts[2m > [22m[2mtwo actual owned sessions retain independent durable Pi selections
[22m[39m[007-product-timing] {"selection":true,"credentialMs":49,"policyMs":18}

[90mstdout[2m | ../../plans/evidence/artifacts/007/configuration-timing-followup/timing.worker.test.ts[2m > [22m[2mtwo actual owned sessions retain independent durable Pi selections
[22m[39m[007-product-timing] {"selection":true,"credentialMs":43,"policyMs":7}

[90mstdout[2m | ../../plans/evidence/artifacts/007/configuration-timing-followup/timing.worker.test.ts[2m > [22m[2mtwo actual owned sessions retain independent durable Pi selections
[22m[39m[007-product-timing] {"selection":true,"credentialMs":258,"policyMs":12}

[90mstdout[2m | ../../plans/evidence/artifacts/007/configuration-timing-followup/timing.worker.test.ts[2m > [22m[2mtwo actual owned sessions retain independent durable Pi selections
[22m[39m[007-product-timing] {"selection":true,"credentialMs":33,"policyMs":14}

[90mstdout[2m | ../../plans/evidence/artifacts/007/configuration-timing-followup/timing.worker.test.ts[2m > [22m[2mtwo actual owned sessions retain independent durable Pi selections
[22m[39m[007-product-timing] {"selection":true,"credentialMs":37,"policyMs":17}

[90mstdout[2m | ../../plans/evidence/artifacts/007/configuration-timing-followup/timing.worker.test.ts[2m > [22m[2mtwo actual owned sessions retain independent durable Pi selections
[22m[39m[007-product-timing] {"selection":true,"credentialMs":34,"policyMs":18}

[90mstdout[2m | ../../plans/evidence/artifacts/007/configuration-timing-followup/timing.worker.test.ts[2m > [22m[2mtwo actual owned sessions retain independent durable Pi selections
[22m[39m[007-product-timing] {"selection":true,"credentialMs":20,"policyMs":6}

[90mstdout[2m | ../../plans/evidence/artifacts/007/configuration-timing-followup/timing.worker.test.ts[2m > [22m[2mtwo actual owned sessions retain independent durable Pi selections
[22m[39m[007-product-timing] {"selection":true,"credentialMs":38,"policyMs":15}

[90mstdout[2m | ../../plans/evidence/artifacts/007/configuration-timing-followup/timing.worker.test.ts[2m > [22m[2mtwo actual owned sessions retain independent durable Pi selections
[22m[39m[007-product-timing] {"selection":false,"credentialMs":22,"policyMs":6}

[90mstdout[2m | ../../plans/evidence/artifacts/007/configuration-timing-followup/timing.worker.test.ts[2m > [22m[2mtwo actual owned sessions retain independent durable Pi selections
[22m[39m[007-product-timing] {"selection":false,"credentialMs":23,"policyMs":6}

[90mstdout[2m | ../../plans/evidence/artifacts/007/configuration-timing-followup/timing.worker.test.ts[2m > [22m[2mtwo actual owned sessions retain independent durable Pi selections
[22m[39m[007-product-timing] {"selection":false,"credentialMs":22,"policyMs":6}

[90mstdout[2m | ../../plans/evidence/artifacts/007/configuration-timing-followup/timing.worker.test.ts[2m > [22m[2mtwo actual owned sessions retain independent durable Pi selections
[22m[39m[007-product-timing] {"selection":true,"credentialMs":28,"policyMs":7}

[90mstdout[2m | ../../plans/evidence/artifacts/007/configuration-timing-followup/timing.worker.test.ts[2m > [22m[2mtwo actual owned sessions retain independent durable Pi selections
[22m[39m[007-product-timing] {"selection":true,"credentialMs":22,"policyMs":6}

[90mstdout[2m | ../../plans/evidence/artifacts/007/configuration-timing-followup/timing.worker.test.ts[2m > [22m[2mtwo actual owned sessions retain independent durable Pi selections
[22m[39m[007-timing] {"test":"two actual owned sessions retain independent durable Pi selections","totalMs":7201,"measured":{"fixture.setup":{"count":1,"ms":693,"max":693},"host.durable":{"count":10,"ms":65,"max":25},"local.productD1":{"count":35,"ms":352,"max":20},"local.authority":{"count":9,"ms":99,"max":20},"host.configurationLedger":{"count":10,"ms":1,"max":1},"product.configurationRPC":{"count":12,"ms":4610,"max":1905},"host.configurationAllowed":{"count":6,"ms":5901,"max":2477},"host.initializeOwnedConfiguration":{"count":2,"ms":1177,"max":701},"host.open":{"count":2,"ms":1251,"max":752},"host.seal":{"count":4,"ms":0,"max":0},"host.configurationIdentity":{"count":4,"ms":0,"max":0},"host.configurationEvidence":{"count":2,"ms":1,"max":1},"pi.configure":{"count":1,"ms":8,"max":8},"host.piConfiguration":{"count":1,"ms":0,"max":0},"host.configureOwned":{"count":1,"ms":4270,"max":4270}}}


================================================================================
Failed to pop isolated storage stack frame in ../../plans/evidence/artifacts/007/configuration-timing-followup/timing.worker.test.ts's test "two actual owned sessions retain independent durable Pi selections".
In particular, we were unable to pop D1 and Durable Objects storage.
This usually means your Worker tried to access storage outside of a test, or some resources have not been disposed of properly.
Ensure you "await" all Promises that read or write to these services, and make sure you use the "using" keyword when passing data across JSRPC.
See https://developers.cloudflare.com/workers/testing/vitest-integration/known-issues/#isolated-storage for more details.
[2m
- AssertionError [ERR_ASSERTION]: Expected .sqlite, got /tmp/miniflare-22777cb5aead26ac946eec1347f1826f/d1/miniflare-D1DatabaseObject/e7352547963de7050bd7d94658afc4fe78b61811b7815da12d90be8e863abf4d.sqlite-shm
- AssertionError [ERR_ASSERTION]: Expected .sqlite, got /tmp/miniflare-22777cb5aead26ac946eec1347f1826f/do/vitest-pool-workers-runner--FixtureCredential/5df8c0f3b466c2f92a4227fd9c7082034ec89186844f961e7a1e0281ee86c4c0.sqlite-shm
[22m================================================================================

[90mstdout[2m | ../../plans/evidence/artifacts/007/configuration-timing-followup/timing.worker.test.ts[2m > [22m[2mtwo actual owned sessions retain independent durable Pi selections
[22m[39m[007-product-timing] {"selection":true,"credentialMs":35,"policyMs":6}

workerd/io/worker.c++:2441: info: uncaught exception; source = Uncaught (in promise); stack = Error: Application called abortAllDurableObjects().
    at new CodexCredential (/home/ayan/ditto-execution/plan-007-recovery/apps/web/src/lib/codex-credential-do.ts:54:19)
    at new FixtureCredential (/home/ayan/ditto-execution/plan-007-recovery/apps/credential-tests/src/entry.ts:6:8)
    at DurableObject.Wrapper.<computed> (home/ayan/ditto-execution/plan-007-recovery/node_modules/.pnpm/@cloudflare+vitest-pool-workers@0.12.21_@cloudflare+workers-types@4.20260605.1_@vitest+_22c8172f8ba5854efee9c79c582141ed/node_modules/@cloudflare/vitest-pool-workers/dist/worker/lib/cloudflare/test-internal.mjs:550:25)
    at getDurableObjectRPCProperty (home/ayan/ditto-execution/plan-007-recovery/node_modules/.pnpm/@cloudflare+vitest-pool-workers@0.12.21_@cloudflare+workers-types@4.20260605.1_@vitest+_22c8172f8ba5854efee9c79c582141ed/node_modules/@cloudflare/vitest-pool-workers/dist/worker/lib/cloudflare/test-internal.mjs:509:48)
    at DurableObject.fn (home/ayan/ditto-execution/plan-007-recovery/node_modules/.pnpm/@cloudflare+vitest-pool-workers@0.12.21_@cloudflare+workers-types@4.20260605.1_@vitest+_22c8172f8ba5854efee9c79c582141ed/node_modules/@cloudflare/vitest-pool-workers/dist/worker/lib/cloudflare/test-internal.mjs:386:21)
Error running worker: AssertionError [ERR_ASSERTION]: Isolated storage failed. There should be additional logs above.
    at new AssertionError (node-internal:internal_assertionerror:427:15)
    at assert.strictEqual (node-internal:internal_assert:196:11)
    at WorkersTestRunner.updateStackedStorage (home/ayan/ditto-execution/plan-007-recovery/node_modules/.pnpm/@cloudflare+vitest-pool-workers@0.12.21_@cloudflare+workers-types@4.20260605.1_@vitest+_22c8172f8ba5854efee9c79c582141ed/node_modules/@cloudflare/vitest-pool-workers/dist/worker/lib/cloudflare/test-runner.mjs:133:12)
    at WorkersTestRunner.onAfterRunSuite (home/ayan/ditto-execution/plan-007-recovery/node_modules/.pnpm/@cloudflare+vitest-pool-workers@0.12.21_@cloudflare+workers-types@4.20260605.1_@vitest+_22c8172f8ba5854efee9c79c582141ed/node_modules/@cloudflare/vitest-pool-workers/dist/worker/lib/cloudflare/test-runner.mjs:171:5)
    at runSuite (home/ayan/ditto-execution/plan-007-recovery/node_modules/.pnpm/@vitest+runner@3.2.7/node_modules/@vitest/runner/dist/chunk-hooks.js:1763:3)
    at runFiles (home/ayan/ditto-execution/plan-007-recovery/node_modules/.pnpm/@vitest+runner@3.2.7/node_modules/@vitest/runner/dist/chunk-hooks.js:1787:3)
    at startTests (home/ayan/ditto-execution/plan-007-recovery/node_modules/.pnpm/@vitest+runner@3.2.7/node_modules/@vitest/runner/dist/chunk-hooks.js:1820:3)
    at home/ayan/ditto-execution/plan-007-recovery/node_modules/.pnpm/vitest@3.2.7_@types+debug@4.1.13_@types+node@22.20.1_jiti@2.7.0_jsdom@28.1.0_@noble+has_aca61d7b4bbb60a145d61436f37761e7/node_modules/vitest/dist/chunks/runBaseTests.9Ij9_de-.js:117:26
    at withEnv (home/ayan/ditto-execution/plan-007-recovery/node_modules/.pnpm/vitest@3.2.7_@types+debug@4.1.13_@types+node@22.20.1_jiti@2.7.0_jsdom@28.1.0_@noble+has_aca61d7b4bbb60a145d61436f37761e7/node_modules/vitest/dist/chunks/runBaseTests.9Ij9_de-.js:84:3)
    at run (home/ayan/ditto-execution/plan-007-recovery/node_modules/.pnpm/vitest@3.2.7_@types+debug@4.1.13_@types+node@22.20.1_jiti@2.7.0_jsdom@28.1.0_@noble+has_aca61d7b4bbb60a145d61436f37761e7/node_modules/vitest/dist/chunks/runBaseTests.9Ij9_de-.js:109:2)

[31m⎯⎯⎯⎯⎯⎯⎯[39m[1m[41m Failed Tests 1 [49m[22m[31m⎯⎯⎯⎯⎯⎯⎯[39m

[41m[1m FAIL [22m[49m ../../plans/evidence/artifacts/007/configuration-timing-followup/timing.worker.test.ts[2m > [22mtwo actual owned sessions retain independent durable Pi selections
[31m[1mError[22m: Test timed out in 5000ms.
If this is a long-running test, pass a timeout value as the last argument or configure it globally with "testTimeout".[39m
[36m [2m❯[22m ../../plans/evidence/artifacts/007/configuration-timing-followup/timing.worker.test.ts:[2m1238:1[22m[39m
    [90m1236| [39m )[33m;[39m
    [90m1237| [39m})[33m;[39m
    [90m1238| [39mit("two actual owned sessions retain independent durable Pi selections…
    [90m   | [39m[31m^[39m
    [90m1239| [39m [35mawait[39m env[33m.[39m[33mDB[39m[33m.[39m[34mbatch[39m([
    [90m1240| [39m  env[33m.[39m[33mDB[39m[33m.[39m[34mprepare[39m(

[31m[2m⎯⎯⎯⎯⎯⎯⎯⎯⎯⎯⎯⎯⎯⎯⎯⎯⎯⎯⎯⎯⎯⎯⎯⎯[1/1]⎯[22m[39m

[31m⎯⎯⎯⎯⎯⎯[39m[1m[41m Unhandled Errors [49m[22m[31m⎯⎯⎯⎯⎯⎯[39m
[31m[1m
Vitest caught 1 unhandled error during the test run.
This might cause false positive tests. Resolve unhandled errors to make sure your tests are not affected.[22m[39m

[31m⎯⎯⎯⎯⎯⎯[39m[1m[41m Unhandled Error [49m[22m[31m⎯⎯⎯⎯⎯⎯⎯[39m
[31m[1mError[22m: Isolated storage failed. There should be additional logs above.[39m
[90m [2m❯[22m new AssertionError node-internal:internal_assertionerror:[2m427:15[22m[39m
[90m [2m❯[22m assert.strictEqual node-internal:internal_assert:[2m196:11[22m[39m
[90m [2m❯[22m WorkersTestRunner.updateStackedStorage home/ayan/ditto-execution/plan-007-recovery/node_modules/.pnpm/@cloudflare+vitest-pool-workers@0.12.21_@cloudflare+workers-types@4.20260605.1_@vitest+_22c8172f8ba5854efee9c79c582141ed/node_modules/@cloudflare/vitest-pool-workers/dist/worker/lib/cloudflare/test-runner.mjs:[2m133:12[22m[39m
[90m [2m❯[22m WorkersTestRunner.onAfterRunSuite home/ayan/ditto-execution/plan-007-recovery/node_modules/.pnpm/@cloudflare+vitest-pool-workers@0.12.21_@cloudflare+workers-types@4.20260605.1_@vitest+_22c8172f8ba5854efee9c79c582141ed/node_modules/@cloudflare/vitest-pool-workers/dist/worker/lib/cloudflare/test-runner.mjs:[2m171:5[22m[39m
[90m [2m❯[22m runSuite home/ayan/ditto-execution/plan-007-recovery/node_modules/.pnpm/@vitest+runner@3.2.7/node_modules/@vitest/runner/dist/chunk-hooks.js:[2m1763:3[22m[39m
[90m [2m❯[22m runFiles home/ayan/ditto-execution/plan-007-recovery/node_modules/.pnpm/@vitest+runner@3.2.7/node_modules/@vitest/runner/dist/chunk-hooks.js:[2m1787:3[22m[39m
[90m [2m❯[22m startTests home/ayan/ditto-execution/plan-007-recovery/node_modules/.pnpm/@vitest+runner@3.2.7/node_modules/@vitest/runner/dist/chunk-hooks.js:[2m1820:3[22m[39m
[90m [2m❯[22m home/ayan/ditto-execution/plan-007-recovery/node_modules/.pnpm/vitest@3.2.7_@types+debug@4.1.13_@types+node@22.20.1_jiti@2.7.0_jsdom@28.1.0_@noble+has_aca61d7b4bbb60a145d61436f37761e7/node_modules/vitest/dist/chunks/runBaseTests.9Ij9_de-.js:[2m117:26[22m[39m
[90m [2m❯[22m withEnv home/ayan/ditto-execution/plan-007-recovery/node_modules/.pnpm/vitest@3.2.7_@types+debug@4.1.13_@types+node@22.20.1_jiti@2.7.0_jsdom@28.1.0_@noble+has_aca61d7b4bbb60a145d61436f37761e7/node_modules/vitest/dist/chunks/runBaseTests.9Ij9_de-.js:[2m84:3[22m[39m
[90m [2m❯[22m run home/ayan/ditto-execution/plan-007-recovery/node_modules/.pnpm/vitest@3.2.7_@types+debug@4.1.13_@types+node@22.20.1_jiti@2.7.0_jsdom@28.1.0_@noble+has_aca61d7b4bbb60a145d61436f37761e7/node_modules/vitest/dist/chunks/runBaseTests.9Ij9_de-.js:[2m109:2[22m[39m

[31m⎯⎯⎯⎯⎯⎯⎯⎯⎯⎯⎯⎯⎯⎯⎯⎯⎯⎯⎯⎯⎯⎯⎯⎯⎯⎯⎯⎯⎯⎯[39m


[2m Test Files [22m [90m (1)[39m
[2m      Tests [22m [1m[31m1 failed[39m[22m[2m | [22m[1m[32m50 passed[39m[22m[90m (140)[39m
[2m     Errors [22m [1m[31m1 error[39m[22m
[2m   Start at [22m 09:12:02
[2m   Duration [22m 95.07s[2m (transform 652ms, setup 0ms, collect 2.50s, tests 0ms, environment 0ms, prepare 110ms)[22m

[vpw:debug] Shutting down runtimes...
[vpw:debug] Disposing remote proxy sessions...
undefined
/home/ayan/ditto-execution/plan-007-recovery/apps/credential-tests:
[ERR_PNPM_RECURSIVE_EXEC_FIRST_FAIL] Command failed with exit code 1: vitest run --config /home/ayan/ditto-execution/plan-007-recovery/plans/evidence/artifacts/007/configuration-timing-followup/timing-product.config.ts
